CHN,Asia,China,2020-01-01,27,0,0,0,NA,NA,1439323774,10.641,261.899,9.74,1.9,48.4,4.34,76.91
CHN,Asia,China,2020-01-02,27,0,0,0,NA,NA,1439323774,10.641,261.899,9.74,1.9,48.4,4.34,76.91
CHN,Asia,China,2020-01-03,44,17,0,0,NA,NA,1439323774,10.641,261.899,9.74,1.9,48.4,4.34,76.91
CHN,Asia,China,2020-01-04,44,0,0,0,NA,NA,1439323774,10.641,261.899,9.74,1.9,48.4,4.34,76.91
CHN,Asia,China,2020-01-05,59,15,0,0,NA,NA,1439323774,10.641,261.899,9.74,1.9,48.4,4.34,76.91
CHN,Asia,China,2020-01-06,59,0,0,0,NA,NA,1439323774,10.641,261.899,9.74,1.9,48.4,4.34,76.91
CHN,Asia,China,2020-01-07,59,0,0,0,NA,NA,1439323774,10.641,261.899,9.74,1.9,48.4,4.34,76.91
CHN,Asia,China,2020-01-08,59,0,0,0,NA,NA,1439323774,10.641,261.899,9.74,1.9,48.4,4.34,76.91
CHN,Asia,China,2020-01-09,59,0,0,0,NA,NA,1439323774,10.641,261.899,9.74,1.9,48.4,4.34,76.91
CHN,Asia,China,2020-01-10,59,0,0,0,NA,NA,1439323774,10.641,261.899,9.74,1.9,48.4,4.34,76.91
CHN,Asia,China,2020-01-11,59,0,1,1,NA,NA,1439323774,10.641,261.899,9.74,1.9,48.4,4.34,76.91
CHN,Asia,China,2020-01-12,59,0,1,0,NA,NA,1439323774,10.641,261.899,9.74,1.9,48.4,4.34,76.91
CHN,Asia,China,2020-01-13,59,0,1,0,NA,NA,1439323774,10.641,261.899,9.74,1.9,48.4,4.34,76.91
CHN,Asia,China,2020-01-14,59,0,1,0,NA,NA,1439323774,10.641,261.899,9.74,1.9,48.4,4.34,76.91
CHN,Asia,China,2020-01-15,59,0,2,1,NA,NA,1439323774,10.641,261.899,9.74,1.9,48.4,4.34,76.91
CHN,Asia,China,2020-01-16,59,0,2,0,NA,NA,1439323774,10.641,261.899,9.74,1.9,48.4,4.34,76.91
CHN,Asia,China,2020-01-17,63,4,2,0,NA,NA,1439323774,10.641,261.899,9.74,1.9,48.4,4.34,76.91
CHN,Asia,China,2020-01-18,80,17,2,0,NA,NA,1439323774,10.641,261.899,9.74,1.9,48.4,4.34,76.91
CHN,Asia,China,2020-01-19,216,136,3,1,NA,NA,1439323774,10.641,261.899,9.74,1.9,48.4,4.34,76.91
CHN,Asia,China,2020-01-20,235,19,3,0,NA,NA,1439323774,10.641,261.899,9.74,1.9,48.4,4.34,76.91
CHN,Asia,China,2020-01-21,386,151,6,3,NA,NA,1439323774,10.641,261.899,9.74,1.9,48.4,4.34,76.91
CHN,Asia,China,2020-01-22,526,140,17,11,NA,NA,1439323774,10.641,261.899,9.74,1.9,48.4,4.34,76.91
CHN,Asia,China,2020-01-23,623,97,17,0,NA,NA,1439323774,10.641,261.899,9.74,1.9,48.4,4.34,76.91
CHN,Asia,China,2020-01-24,882,259,26,9,NA,NA,1439323774,10.641,261.899,9.74,1.9,48.4,4.34,76.91
CHN,Asia,China,2020-01-25,1323,441,41,15,NA,NA,1439323774,10.641,261.899,9.74,1.9,48.4,4.34,76.91
CHN,Asia,China,2020-01-26,1988,665,56,15,NA,NA,1439323774,10.641,261.899,9.74,1.9,48.4,4.34,76.91
CHN,Asia,China,2020-01-27,2775,787,81,25,NA,NA,1439323774,10.641,261.899,9.74,1.9,48.4,4.34,76.91
CHN,Asia,China,2020-01-28,4528,1753,106,25,NA,NA,1439323774,10.641,261.899,9.74,1.9,48.4,4.34,76.91
CHN,Asia,China,2020-01-29,5994,1466,132,26,NA,NA,1439323774,10.641,261.899,9.74,1.9,48.4,4.34,76.91
CHN,Asia,China,2020-01-30,7734,1740,170,38,NA,NA,1439323774,10.641,261.899,9.74,1.9,48.4,4.34,76.91
CHN,Asia,China,2020-01-31,9714,1980,213,43,NA,NA,1439323774,10.641,261.899,9.74,1.9,48.4,4.34,76.91
CHN,Asia,China,2020-02-01,11809,2095,259,46,NA,NA,1439323774,10.641,261.899,9.74,1.9,48.4,4.34,76.91
CHN,Asia,China,2020-02-02,14399,2590,304,45,NA,NA,1439323774,10.641,261.899,9.74,1.9,48.4,4.34,76.91
CHN,Asia,China,2020-02-03,17211,2812,361,57,NA,NA,1439323774,10.641,261.899,9.74,1.9,48.4,4.34,76.91
CHN,Asia,China,2020-02-04,20448,3237,426,65,NA,NA,1439323774,10.641,261.899,9.74,1.9,48.4,4.34,76.91
CHN,Asia,China,2020-02-05,24320,3872,492,66,NA,NA,1439323774,10.641,261.899,9.74,1.9,48.4,4.34,76.91
CHN,Asia,China,2020-02-06,28047,3727,564,72,NA,NA,1439323774,10.641,261.899,9.74,1.9,48.4,4.34,76.91
CHN,Asia,China,2020-02-07,31207,3160,637,73,NA,NA,1439323774,10.641,261.899,9.74,1.9,48.4,4.34,76.91
CHN,Asia,China,2020-02-08,34625,3418,723,86,NA,NA,1439323774,10.641,261.899,9.74,1.9,48.4,4.34,76.91
CHN,Asia,China,2020-02-09,37232,2607,812,89,NA,NA,1439323774,10.641,261.899,9.74,1.9,48.4,4.34,76.91
CHN,Asia,China,2020-02-10,40206,2974,909,97,NA,NA,1439323774,10.641,261.899,9.74,1.9,48.4,4.34,76.91
CHN,Asia,China,2020-02-11,42696,2490,1017,108,NA,NA,1439323774,10.641,261.899,9.74,1.9,48.4,4.34,76.91
CHN,Asia,China,2020-02-12,44724,2028,1114,97,NA,NA,1439323774,10.641,261.899,9.74,1.9,48.4,4.34,76.91
CHN,Asia,China,2020-02-13,59865,15141,1368,254,NA,NA,1439323774,10.641,261.899,9.74,1.9,48.4,4.34,76.91
CHN,Asia,China,2020-02-14,64021,4156,1381,13,NA,NA,1439323774,10.641,261.899,9.74,1.9,48.4,4.34,76.91
CHN,Asia,China,2020-02-15,66559,2538,1524,143,NA,NA,1439323774,10.641,261.899,9.74,1.9,48.4,4.34,76.91
CHN,Asia,China,2020-02-16,68566,2007,1666,142,NA,NA,1439323774,10.641,261.899,9.74,1.9,48.4,4.34,76.91
CHN,Asia,China,2020-02-17,70618,2052,1771,105,NA,NA,1439323774,10.641,261.899,9.74,1.9,48.4,4.34,76.91
CHN,Asia,China,2020-02-18,72508,1890,1869,98,NA,NA,1439323774,10.641,261.899,9.74,1.9,48.4,4.34,76.91
CHN,Asia,China,2020-02-19,74258,1750,2008,139,NA,NA,1439323774,10.641,261.899,9.74,1.9,48.4,4.34,76.91
CHN,Asia,China,2020-02-20,74652,394,2120,112,NA,NA,1439323774,10.641,261.899,9.74,1.9,48.4,4.34,76.91
CHN,Asia,China,2020-02-21,75543,891,2238,118,NA,NA,1439323774,10.641,261.899,9.74,1.9,48.4,4.34,76.91
CHN,Asia,China,2020-02-22,76369,826,2347,109,NA,NA,1439323774,10.641,261.899,9.74,1.9,48.4,4.34,76.91
CHN,Asia,China,2020-02-23,77016,647,2445,98,NA,NA,1439323774,10.641,261.899,9.74,1.9,48.4,4.34,76.91
CHN,Asia,China,2020-02-24,77234,218,2595,150,NA,NA,1439323774,10.641,261.899,9.74,1.9,48.4,4.34,76.91
CHN,Asia,China,2020-02-25,77749,515,2665,70,NA,NA,1439323774,10.641,261.899,9.74,1.9,48.4,4.34,76.91
CHN,Asia,China,2020-02-26,78159,410,2717,52,NA,NA,1439323774,10.641,261.899,9.74,1.9,48.4,4.34,76.91
CHN,Asia,China,2020-02-27,78598,439,2746,29,NA,NA,1439323774,10.641,261.899,9.74,1.9,48.4,4.34,76.91
CHN,Asia,China,2020-02-28,78927,329,2790,44,NA,NA,1439323774,10.641,261.899,9.74,1.9,48.4,4.34,76.91
CHN,Asia,China,2020-02-29,79355,428,2837,47,NA,NA,1439323774,10.641,261.899,9.74,1.9,48.4,4.34,76.91
CHN,Asia,China,2020-03-01,79929,574,2872,35,NA,NA,1439323774,10.641,261.899,9.74,1.9,48.4,4.34,76.91
CHN,Asia,China,2020-03-02,80134,205,2914,42,NA,NA,1439323774,10.641,261.899,9.74,1.9,48.4,4.34,76.91
CHN,Asia,China,2020-03-03,80261,127,2946,32,NA,NA,1439323774,10.641,261.899,9.74,1.9,48.4,4.34,76.91
CHN,Asia,China,2020-03-04,80380,119,2983,37,NA,NA,1439323774,10.641,261.899,9.74,1.9,48.4,4.34,76.91
CHN,Asia,China,2020-03-05,80497,117,3014,31,NA,NA,1439323774,10.641,261.899,9.74,1.9,48.4,4.34,76.91
CHN,Asia,China,2020-03-06,80667,170,3044,30,NA,NA,1439323774,10.641,261.899,9.74,1.9,48.4,4.34,76.91
CHN,Asia,China,2020-03-07,80768,101,3072,28,NA,NA,1439323774,10.641,261.899,9.74,1.9,48.4,4.34,76.91
CHN,Asia,China,2020-03-08,80814,46,3099,27,NA,NA,1439323774,10.641,261.899,9.74,1.9,48.4,4.34,76.91
CHN,Asia,China,2020-03-09,80859,45,3122,23,NA,NA,1439323774,10.641,261.899,9.74,1.9,48.4,4.34,76.91
CHN,Asia,China,2020-03-10,80879,20,3139,17,NA,NA,1439323774,10.641,261.899,9.74,1.9,48.4,4.34,76.91
CHN,Asia,China,2020-03-11,80908,29,3161,22,NA,NA,1439323774,10.641,261.899,9.74,1.9,48.4,4.34,76.91
CHN,Asia,China,2020-03-12,80932,24,3172,11,NA,NA,1439323774,10.641,261.899,9.74,1.9,48.4,4.34,76.91
CHN,Asia,China,2020-03-13,80954,22,3179,7,NA,NA,1439323774,10.641,261.899,9.74,1.9,48.4,4.34,76.91
CHN,Asia,China,2020-03-14,80973,19,3194,15,NA,NA,1439323774,10.641,261.899,9.74,1.9,48.4,4.34,76.91
CHN,Asia,China,2020-03-15,80995,22,3203,9,NA,NA,1439323774,10.641,261.899,9.74,1.9,48.4,4.34,76.91
CHN,Asia,China,2020-03-16,81020,25,3216,13,NA,NA,1439323774,10.641,261.899,9.74,1.9,48.4,4.34,76.91
CHN,Asia,China,2020-03-17,81063,43,3225,9,NA,NA,1439323774,10.641,261.899,9.74,1.9,48.4,4.34,76.91
CHN,Asia,China,2020-03-18,81086,23,3241,16,NA,NA,1439323774,10.641,261.899,9.74,1.9,48.4,4.34,76.91
CHN,Asia,China,2020-03-19,81130,44,3249,8,NA,NA,1439323774,10.641,261.899,9.74,1.9,48.4,4.34,76.91
CHN,Asia,China,2020-03-20,81229,99,3253,4,NA,NA,1439323774,10.641,261.899,9.74,1.9,48.4,4.34,76.91
CHN,Asia,China,2020-03-21,81281,52,3259,6,NA,NA,1439323774,10.641,261.899,9.74,1.9,48.4,4.34,76.91
CHN,Asia,China,2020-03-22,81346,65,3265,6,NA,NA,1439323774,10.641,261.899,9.74,1.9,48.4,4.34,76.91
CHN,Asia,China,2020-03-23,81484,138,3274,9,NA,NA,1439323774,10.641,261.899,9.74,1.9,48.4,4.34,76.91
CHN,Asia,China,2020-03-24,81553,69,3281,7,NA,NA,1439323774,10.641,261.899,9.74,1.9,48.4,4.34,76.91
CHN,Asia,China,2020-03-25,81631,78,3285,4,NA,NA,1439323774,10.641,261.899,9.74,1.9,48.4,4.34,76.91
CHN,Asia,China,2020-03-26,81733,102,3291,6,NA,NA,1439323774,10.641,261.899,9.74,1.9,48.4,4.34,76.91
CHN,Asia,China,2020-03-27,81827,94,3296,5,NA,NA,1439323774,10.641,261.899,9.74,1.9,48.4,4.34,76.91
CHN,Asia,China,2020-03-28,81946,119,3299,3,NA,NA,1439323774,10.641,261.899,9.74,1.9,48.4,4.34,76.91
CHN,Asia,China,2020-03-29,82059,113,3304,5,NA,NA,1439323774,10.641,261.899,9.74,1.9,48.4,4.34,76.91
CHN,Asia,China,2020-03-30,82157,98,3306,2,NA,NA,1439323774,10.641,261.899,9.74,1.9,48.4,4.34,76.91
CHN,Asia,China,2020-03-31,82241,84,3309,3,NA,NA,1439323774,10.641,261.899,9.74,1.9,48.4,4.34,76.91
CHN,Asia,China,2020-04-01,82295,54,3310,1,NA,NA,1439323774,10.641,261.899,9.74,1.9,48.4,4.34,76.91
CHN,Asia,China,2020-04-02,82395,100,3316,6,NA,NA,1439323774,10.641,261.899,9.74,1.9,48.4,4.34,76.91
CHN,Asia,China,2020-04-03,82465,70,3326,10,NA,NA,1439323774,10.641,261.899,9.74,1.9,48.4,4.34,76.91
CHN,Asia,China,2020-04-04,82527,62,3330,4,NA,NA,1439323774,10.641,261.899,9.74,1.9,48.4,4.34,76.91
CHN,Asia,China,2020-04-05,82575,48,3333,3,NA,NA,1439323774,10.641,261.899,9.74,1.9,48.4,4.34,76.91
CHN,Asia,China,2020-04-06,82642,67,3335,2,NA,NA,1439323774,10.641,261.899,9.74,1.9,48.4,4.34,76.91
CHN,Asia,China,2020-04-07,82698,56,3335,0,NA,NA,1439323774,10.641,261.899,9.74,1.9,48.4,4.34,76.91
CHN,Asia,China,2020-04-08,82784,86,3337,2,NA,NA,1439323774,10.641,261.899,9.74,1.9,48.4,4.34,76.91
CHN,Asia,China,2020-04-09,82870,86,3339,2,NA,NA,1439323774,10.641,261.899,9.74,1.9,48.4,4.34,76.91
CHN,Asia,China,2020-04-10,82925,55,3340,1,NA,NA,1439323774,10.641,261.899,9.74,1.9,48.4,4.34,76.91
CHN,Asia,China,2020-04-11,83004,79,3343,3,NA,NA,1439323774,10.641,261.899,9.74,1.9,48.4,4.34,76.91
CHN,Asia,China,2020-04-12,83097,93,3343,0,NA,NA,1439323774,10.641,261.899,9.74,1.9,48.4,4.34,76.91
CHN,Asia,China,2020-04-13,83209,112,3345,2,NA,NA,1439323774,10.641,261.899,9.74,1.9,48.4,4.34,76.91
CHN,Asia,China,2020-04-14,83303,94,3345,0,NA,NA,1439323774,10.641,261.899,9.74,1.9,48.4,4.34,76.91
CHN,Asia,China,2020-04-15,83352,49,3346,1,NA,NA,1439323774,10.641,261.899,9.74,1.9,48.4,4.34,76.91
CHN,Asia,China,2020-04-16,83402,50,3346,0,NA,NA,1439323774,10.641,261.899,9.74,1.9,48.4,4.34,76.91
CHN,Asia,China,2020-04-17,83754,352,4636,1290,NA,NA,1439323774,10.641,261.899,9.74,1.9,48.4,4.34,76.91
CHN,Asia,China,2020-04-18,83785,31,4636,0,NA,NA,1439323774,10.641,261.899,9.74,1.9,48.4,4.34,76.91
CHN,Asia,China,2020-04-19,83803,18,4636,0,NA,NA,1439323774,10.641,261.899,9.74,1.9,48.4,4.34,76.91
CHN,Asia,China,2020-04-20,83817,14,4636,0,NA,NA,1439323774,10.641,261.899,9.74,1.9,48.4,4.34,76.91
CHN,Asia,China,2020-04-21,83849,32,4636,0,NA,NA,1439323774,10.641,261.899,9.74,1.9,48.4,4.34,76.91
CHN,Asia,China,2020-04-22,83864,15,4636,0,NA,NA,1439323774,10.641,261.899,9.74,1.9,48.4,4.34,76.91
CHN,Asia,China,2020-04-23,83876,12,4636,0,NA,NA,1439323774,10.641,261.899,9.74,1.9,48.4,4.34,76.91
CHN,Asia,China,2020-04-24,83884,8,4636,0,NA,NA,1439323774,10.641,261.899,9.74,1.9,48.4,4.34,76.91
CHN,Asia,China,2020-04-25,83899,15,4636,0,NA,NA,1439323774,10.641,261.899,9.74,1.9,48.4,4.34,76.91
CHN,Asia,China,2020-04-26,83909,10,4636,0,NA,NA,1439323774,10.641,261.899,9.74,1.9,48.4,4.34,76.91
CHN,Asia,China,2020-04-27,83912,3,4637,1,NA,NA,1439323774,10.641,261.899,9.74,1.9,48.4,4.34,76.91
CHN,Asia,China,2020-04-28,83938,26,4637,0,NA,NA,1439323774,10.641,261.899,9.74,1.9,48.4,4.34,76.91
CHN,Asia,China,2020-04-29,83940,2,4637,0,NA,NA,1439323774,10.641,261.899,9.74,1.9,48.4,4.34,76.91
CHN,Asia,China,2020-04-30,83944,4,4637,0,NA,NA,1439323774,10.641,261.899,9.74,1.9,48.4,4.34,76.91
CHN,Asia,China,2020-05-01,83956,12,4637,0,NA,NA,1439323774,10.641,261.899,9.74,1.9,48.4,4.34,76.91
CHN,Asia,China,2020-05-02,83959,3,4637,0,NA,NA,1439323774,10.641,261.899,9.74,1.9,48.4,4.34,76.91
CHN,Asia,China,2020-05-03,83961,2,4637,0,NA,NA,1439323774,10.641,261.899,9.74,1.9,48.4,4.34,76.91
CHN,Asia,China,2020-05-04,83964,3,4637,0,NA,NA,1439323774,10.641,261.899,9.74,1.9,48.4,4.34,76.91
CHN,Asia,China,2020-05-05,83966,2,4637,0,NA,NA,1439323774,10.641,261.899,9.74,1.9,48.4,4.34,76.91
CHN,Asia,China,2020-05-06,83968,2,4637,0,NA,NA,1439323774,10.641,261.899,9.74,1.9,48.4,4.34,76.91
CHN,Asia,China,2020-05-07,83970,2,4637,0,NA,NA,1439323774,10.641,261.899,9.74,1.9,48.4,4.34,76.91
CHN,Asia,China,2020-05-08,83976,6,4637,0,NA,NA,1439323774,10.641,261.899,9.74,1.9,48.4,4.34,76.91
CHN,Asia,China,2020-05-09,83976,0,4637,0,NA,NA,1439323774,10.641,261.899,9.74,1.9,48.4,4.34,76.91
CHN,Asia,China,2020-05-10,83991,15,4637,0,NA,NA,1439323774,10.641,261.899,9.74,1.9,48.4,4.34,76.91
CHN,Asia,China,2020-05-11,84010,19,4637,0,NA,NA,1439323774,10.641,261.899,9.74,1.9,48.4,4.34,76.91
CHN,Asia,China,2020-05-12,84011,1,4637,0,NA,NA,1439323774,10.641,261.899,9.74,1.9,48.4,4.34,76.91
CHN,Asia,China,2020-05-13,84018,7,4637,0,NA,NA,1439323774,10.641,261.899,9.74,1.9,48.4,4.34,76.91
CHN,Asia,China,2020-05-14,84024,6,4637,0,NA,NA,1439323774,10.641,261.899,9.74,1.9,48.4,4.34,76.91
CHN,Asia,China,2020-05-15,84029,5,4637,0,NA,NA,1439323774,10.641,261.899,9.74,1.9,48.4,4.34,76.91
CHN,Asia,China,2020-05-16,84038,9,4637,0,NA,NA,1439323774,10.641,261.899,9.74,1.9,48.4,4.34,76.91
CHN,Asia,China,2020-05-17,84044,6,4638,1,NA,NA,1439323774,10.641,261.899,9.74,1.9,48.4,4.34,76.91
CHN,Asia,China,2020-05-18,84054,10,4638,0,NA,NA,1439323774,10.641,261.899,9.74,1.9,48.4,4.34,76.91
CHN,Asia,China,2020-05-19,84063,9,4638,0,NA,NA,1439323774,10.641,261.899,9.74,1.9,48.4,4.34,76.91
CHN,Asia,China,2020-05-20,84065,2,4638,0,NA,NA,1439323774,10.641,261.899,9.74,1.9,48.4,4.34,76.91
CHN,Asia,China,2020-05-21,84067,2,4638,0,NA,NA,1439323774,10.641,261.899,9.74,1.9,48.4,4.34,76.91
CHN,Asia,China,2020-05-22,84079,12,4638,0,NA,NA,1439323774,10.641,261.899,9.74,1.9,48.4,4.34,76.91
CHN,Asia,China,2020-05-23,84081,2,4638,0,NA,NA,1439323774,10.641,261.899,9.74,1.9,48.4,4.34,76.91
CHN,Asia,China,2020-05-24,84084,3,4638,0,NA,NA,1439323774,10.641,261.899,9.74,1.9,48.4,4.34,76.91
CHN,Asia,China,2020-05-25,84095,11,4638,0,NA,NA,1439323774,10.641,261.899,9.74,1.9,48.4,4.34,76.91
CHN,Asia,China,2020-05-26,84102,7,4638,0,NA,NA,1439323774,10.641,261.899,9.74,1.9,48.4,4.34,76.91
CHN,Asia,China,2020-05-27,84103,1,4638,0,NA,NA,1439323774,10.641,261.899,9.74,1.9,48.4,4.34,76.91
CHN,Asia,China,2020-05-28,84106,3,4638,0,NA,NA,1439323774,10.641,261.899,9.74,1.9,48.4,4.34,76.91
CHN,Asia,China,2020-05-29,84106,0,4638,0,NA,NA,1439323774,10.641,261.899,9.74,1.9,48.4,4.34,76.91
CHN,Asia,China,2020-05-30,84123,17,4638,0,NA,NA,1439323774,10.641,261.899,9.74,1.9,48.4,4.34,76.91
CHN,Asia,China,2020-05-31,84128,5,4638,0,NA,NA,1439323774,10.641,261.899,9.74,1.9,48.4,4.34,76.91
CHN,Asia,China,2020-06-01,84147,19,4638,0,NA,NA,1439323774,10.641,261.899,9.74,1.9,48.4,4.34,76.91
CHN,Asia,China,2020-06-02,84154,7,4638,0,NA,NA,1439323774,10.641,261.899,9.74,1.9,48.4,4.34,76.91
CHN,Asia,China,2020-06-03,84159,5,4638,0,NA,NA,1439323774,10.641,261.899,9.74,1.9,48.4,4.34,76.91
CHN,Asia,China,2020-06-04,84160,1,4638,0,NA,NA,1439323774,10.641,261.899,9.74,1.9,48.4,4.34,76.91
CHN,Asia,China,2020-06-05,84171,11,4638,0,NA,NA,1439323774,10.641,261.899,9.74,1.9,48.4,4.34,76.91
CHN,Asia,China,2020-06-06,84177,6,4638,0,NA,NA,1439323774,10.641,261.899,9.74,1.9,48.4,4.34,76.91
CHN,Asia,China,2020-06-07,84186,9,4638,0,NA,NA,1439323774,10.641,261.899,9.74,1.9,48.4,4.34,76.91
CHN,Asia,China,2020-06-08,84191,5,4638,0,NA,NA,1439323774,10.641,261.899,9.74,1.9,48.4,4.34,76.91
CHN,Asia,China,2020-06-09,84194,3,4638,0,NA,NA,1439323774,10.641,261.899,9.74,1.9,48.4,4.34,76.91
CHN,Asia,China,2020-06-10,84198,4,4638,0,NA,NA,1439323774,10.641,261.899,9.74,1.9,48.4,4.34,76.91
CHN,Asia,China,2020-06-11,84209,11,4638,0,NA,NA,1439323774,10.641,261.899,9.74,1.9,48.4,4.34,76.91
CHN,Asia,China,2020-06-12,84216,7,4638,0,NA,NA,1439323774,10.641,261.899,9.74,1.9,48.4,4.34,76.91
CHN,Asia,China,2020-06-13,84228,12,4638,0,NA,NA,1439323774,10.641,261.899,9.74,1.9,48.4,4.34,76.91
CHN,Asia,China,2020-06-14,84288,60,4638,0,NA,NA,1439323774,10.641,261.899,9.74,1.9,48.4,4.34,76.91
CHN,Asia,China,2020-06-15,84335,47,4638,0,NA,NA,1439323774,10.641,261.899,9.74,1.9,48.4,4.34,76.91
CHN,Asia,China,2020-06-16,84378,43,4638,0,NA,NA,1439323774,10.641,261.899,9.74,1.9,48.4,4.34,76.91
CHN,Asia,China,2020-06-17,84422,44,4638,0,NA,NA,1439323774,10.641,261.899,9.74,1.9,48.4,4.34,76.91
CHN,Asia,China,2020-06-18,84458,36,4638,0,NA,NA,1439323774,10.641,261.899,9.74,1.9,48.4,4.34,76.91
CHN,Asia,China,2020-06-19,84494,36,4638,0,NA,NA,1439323774,10.641,261.899,9.74,1.9,48.4,4.34,76.91
CHN,Asia,China,2020-06-20,84524,30,4638,0,NA,NA,1439323774,10.641,261.899,9.74,1.9,48.4,4.34,76.91
CHN,Asia,China,2020-06-21,84553,29,4639,1,NA,NA,1439323774,10.641,261.899,9.74,1.9,48.4,4.34,76.91
CHN,Asia,China,2020-06-22,84572,19,4639,0,NA,NA,1439323774,10.641,261.899,9.74,1.9,48.4,4.34,76.91
CHN,Asia,China,2020-06-23,84624,52,4639,0,NA,NA,1439323774,10.641,261.899,9.74,1.9,48.4,4.34,76.91
CHN,Asia,China,2020-06-24,84653,29,4640,1,NA,NA,1439323774,10.641,261.899,9.74,1.9,48.4,4.34,76.91
CHN,Asia,China,2020-06-25,84673,20,4640,0,NA,NA,1439323774,10.641,261.899,9.74,1.9,48.4,4.34,76.91
CHN,Asia,China,2020-06-26,84701,28,4641,1,NA,NA,1439323774,10.641,261.899,9.74,1.9,48.4,4.34,76.91
CHN,Asia,China,2020-06-27,84725,24,4641,0,NA,NA,1439323774,10.641,261.899,9.74,1.9,48.4,4.34,76.91
CHN,Asia,China,2020-06-28,84743,18,4641,0,NA,NA,1439323774,10.641,261.899,9.74,1.9,48.4,4.34,76.91
CHN,Asia,China,2020-06-29,84757,14,4641,0,NA,NA,1439323774,10.641,261.899,9.74,1.9,48.4,4.34,76.91
CHN,Asia,China,2020-06-30,84780,23,4641,0,NA,NA,1439323774,10.641,261.899,9.74,1.9,48.4,4.34,76.91
CHN,Asia,China,2020-07-01,84785,5,4641,0,NA,NA,1439323774,10.641,261.899,9.74,1.9,48.4,4.34,76.91
CHN,Asia,China,2020-07-02,84816,31,4641,0,NA,NA,1439323774,10.641,261.899,9.74,1.9,48.4,4.34,76.91
CHN,Asia,China,2020-07-03,84830,14,4641,0,NA,NA,1439323774,10.641,261.899,9.74,1.9,48.4,4.34,76.91
CHN,Asia,China,2020-07-04,84839,9,4641,0,NA,NA,1439323774,10.641,261.899,9.74,1.9,48.4,4.34,76.91
CHN,Asia,China,2020-07-05,84857,18,4641,0,NA,NA,1439323774,10.641,261.899,9.74,1.9,48.4,4.34,76.91
CHN,Asia,China,2020-07-06,84871,14,4641,0,NA,NA,1439323774,10.641,261.899,9.74,1.9,48.4,4.34,76.91
CHN,Asia,China,2020-07-07,84896,25,4641,0,NA,NA,1439323774,10.641,261.899,9.74,1.9,48.4,4.34,76.91
CHN,Asia,China,2020-07-08,84917,21,4641,0,NA,NA,1439323774,10.641,261.899,9.74,1.9,48.4,4.34,76.91
CHN,Asia,China,2020-07-09,84950,33,4641,0,NA,NA,1439323774,10.641,261.899,9.74,1.9,48.4,4.34,76.91
CHN,Asia,China,2020-07-10,84996,46,4641,0,NA,NA,1439323774,10.641,261.899,9.74,1.9,48.4,4.34,76.91
CHN,Asia,China,2020-07-11,85036,40,4641,0,NA,NA,1439323774,10.641,261.899,9.74,1.9,48.4,4.34,76.91
CHN,Asia,China,2020-07-12,85071,35,4641,0,NA,NA,1439323774,10.641,261.899,9.74,1.9,48.4,4.34,76.91
CHN,Asia,China,2020-07-13,85117,46,4641,0,NA,NA,1439323774,10.641,261.899,9.74,1.9,48.4,4.34,76.91
CHN,Asia,China,2020-07-14,85172,55,4642,1,NA,NA,1439323774,10.641,261.899,9.74,1.9,48.4,4.34,76.91
CHN,Asia,China,2020-07-15,85226,54,4642,0,NA,NA,1439323774,10.641,261.899,9.74,1.9,48.4,4.34,76.91
CHN,Asia,China,2020-07-16,85246,20,4644,2,NA,NA,1439323774,10.641,261.899,9.74,1.9,48.4,4.34,76.91
CHN,Asia,China,2020-07-17,85323,77,4644,0,NA,NA,1439323774,10.641,261.899,9.74,1.9,48.4,4.34,76.91
CHN,Asia,China,2020-07-18,85403,80,4645,1,NA,NA,1439323774,10.641,261.899,9.74,1.9,48.4,4.34,76.91
CHN,Asia,China,2020-07-19,85483,80,4646,1,NA,NA,1439323774,10.641,261.899,9.74,1.9,48.4,4.34,76.91
CHN,Asia,China,2020-07-20,85613,130,4646,0,NA,NA,1439323774,10.641,261.899,9.74,1.9,48.4,4.34,76.91
CHN,Asia,China,2020-07-21,85697,84,4646,0,NA,NA,1439323774,10.641,261.899,9.74,1.9,48.4,4.34,76.91
CHN,Asia,China,2020-07-22,85771,74,4648,2,NA,NA,1439323774,10.641,261.899,9.74,1.9,48.4,4.34,76.91
CHN,Asia,China,2020-07-23,85906,135,4648,0,NA,NA,1439323774,10.641,261.899,9.74,1.9,48.4,4.34,76.91
CHN,Asia,China,2020-07-24,86045,139,4649,1,NA,NA,1439323774,10.641,261.899,9.74,1.9,48.4,4.34,76.91
CHN,Asia,China,2020-07-25,86202,157,4650,1,NA,NA,1439323774,10.641,261.899,9.74,1.9,48.4,4.34,76.91
CHN,Asia,China,2020-07-26,86381,179,4652,2,NA,NA,1439323774,10.641,261.899,9.74,1.9,48.4,4.34,76.91
CHN,Asia,China,2020-07-27,86570,189,4652,0,NA,NA,1439323774,10.641,261.899,9.74,1.9,48.4,4.34,76.91
CHN,Asia,China,2020-07-28,86783,213,4656,4,NA,NA,1439323774,10.641,261.899,9.74,1.9,48.4,4.34,76.91
CHN,Asia,China,2020-07-29,86990,207,4657,1,NA,NA,1439323774,10.641,261.899,9.74,1.9,48.4,4.34,76.91
CHN,Asia,China,2020-07-30,87213,223,4659,2,NA,NA,1439323774,10.641,261.899,9.74,1.9,48.4,4.34,76.91
CHN,Asia,China,2020-07-31,87489,276,4659,0,NA,NA,1439323774,10.641,261.899,9.74,1.9,48.4,4.34,76.91
CHN,Asia,China,2020-08-01,87655,166,4661,2,NA,NA,1439323774,10.641,261.899,9.74,1.9,48.4,4.34,76.91
CHN,Asia,China,2020-08-02,87827,172,4667,6,NA,NA,1439323774,10.641,261.899,9.74,1.9,48.4,4.34,76.91
CHN,Asia,China,2020-08-03,87985,158,4669,2,NA,NA,1439323774,10.641,261.899,9.74,1.9,48.4,4.34,76.91
CHN,Asia,China,2020-08-04,88099,114,4672,3,NA,NA,1439323774,10.641,261.899,9.74,1.9,48.4,4.34,76.91
CHN,Asia,China,2020-08-05,88206,107,4676,4,NA,NA,1439323774,10.641,261.899,9.74,1.9,48.4,4.34,76.91
CHN,Asia,China,2020-08-06,88328,122,4677,1,NA,NA,1439323774,10.641,261.899,9.74,1.9,48.4,4.34,76.91
CHN,Asia,China,2020-08-07,88460,132,4680,3,NA,NA,1439323774,10.641,261.899,9.74,1.9,48.4,4.34,76.91
CHN,Asia,China,2020-08-08,88580,120,4681,1,NA,NA,1439323774,10.641,261.899,9.74,1.9,48.4,4.34,76.91
CHN,Asia,China,2020-08-09,88672,92,4681,0,NA,NA,1439323774,10.641,261.899,9.74,1.9,48.4,4.34,76.91
CHN,Asia,China,2020-08-10,88793,121,4686,5,NA,NA,1439323774,10.641,261.899,9.74,1.9,48.4,4.34,76.91
CHN,Asia,China,2020-08-11,88906,113,4690,4,NA,NA,1439323774,10.641,261.899,9.74,1.9,48.4,4.34,76.91
CHN,Asia,China,2020-08-12,88964,58,4693,3,NA,NA,1439323774,10.641,261.899,9.74,1.9,48.4,4.34,76.91
CHN,Asia,China,2020-08-13,89045,81,4697,4,NA,NA,1439323774,10.641,261.899,9.74,1.9,48.4,4.34,76.91
CHN,Asia,China,2020-08-14,89144,99,4700,3,NA,NA,1439323774,10.641,261.899,9.74,1.9,48.4,4.34,76.91
CHN,Asia,China,2020-08-15,89214,70,4701,1,NA,NA,1439323774,10.641,261.899,9.74,1.9,48.4,4.34,76.91
CHN,Asia,China,2020-08-16,89279,65,4703,2,NA,NA,1439323774,10.641,261.899,9.74,1.9,48.4,4.34,76.91
CHN,Asia,China,2020-08-17,89375,96,4703,0,NA,NA,1439323774,10.641,261.899,9.74,1.9,48.4,4.34,76.91
CHN,Asia,China,2020-08-18,89441,66,4703,0,NA,NA,1439323774,10.641,261.899,9.74,1.9,48.4,4.34,76.91
CHN,Asia,China,2020-08-19,89494,53,4705,2,NA,NA,1439323774,10.641,261.899,9.74,1.9,48.4,4.34,76.91
CHN,Asia,China,2020-08-20,89527,33,4706,1,NA,NA,1439323774,10.641,261.899,9.74,1.9,48.4,4.34,76.91
CHN,Asia,China,2020-08-21,89567,40,4709,3,NA,NA,1439323774,10.641,261.899,9.74,1.9,48.4,4.34,76.91
CHN,Asia,China,2020-08-22,89616,49,4711,2,NA,NA,1439323774,10.641,261.899,9.74,1.9,48.4,4.34,76.91
CHN,Asia,China,2020-08-23,89654,38,4711,0,NA,NA,1439323774,10.641,261.899,9.74,1.9,48.4,4.34,76.91
CHN,Asia,China,2020-08-24,89695,41,4711,0,NA,NA,1439323774,10.641,261.899,9.74,1.9,48.4,4.34,76.91
CHN,Asia,China,2020-08-25,89718,23,4711,0,NA,NA,1439323774,10.641,261.899,9.74,1.9,48.4,4.34,76.91
CHN,Asia,China,2020-08-26,89752,34,4712,1,NA,NA,1439323774,10.641,261.899,9.74,1.9,48.4,4.34,76.91
CHN,Asia,China,2020-08-27,89784,32,4713,1,NA,NA,1439323774,10.641,261.899,9.74,1.9,48.4,4.34,76.91
CHN,Asia,China,2020-08-28,89814,30,4715,2,NA,NA,1439323774,10.641,261.899,9.74,1.9,48.4,4.34,76.91
CHN,Asia,China,2020-08-29,89836,22,4718,3,NA,NA,1439323774,10.641,261.899,9.74,1.9,48.4,4.34,76.91
CHN,Asia,China,2020-08-30,89863,27,4721,3,NA,NA,1439323774,10.641,261.899,9.74,1.9,48.4,4.34,76.91
CHN,Asia,China,2020-08-31,89895,32,4722,1,NA,NA,1439323774,10.641,261.899,9.74,1.9,48.4,4.34,76.91
CHN,Asia,China,2020-09-01,89914,19,4723,1,NA,NA,1439323774,10.641,261.899,9.74,1.9,48.4,4.34,76.91
CHN,Asia,China,2020-09-02,89934,20,4724,1,NA,NA,1439323774,10.641,261.899,9.74,1.9,48.4,4.34,76.91
CHN,Asia,China,2020-09-03,89953,19,4727,3,NA,NA,1439323774,10.641,261.899,9.74,1.9,48.4,4.34,76.91
CHN,Asia,China,2020-09-04,89986,33,4728,1,NA,NA,1439323774,10.641,261.899,9.74,1.9,48.4,4.34,76.91
CHN,Asia,China,2020-09-05,90008,22,4728,0,NA,NA,1439323774,10.641,261.899,9.74,1.9,48.4,4.34,76.91
CHN,Asia,China,2020-09-06,90025,17,4728,0,NA,NA,1439323774,10.641,261.899,9.74,1.9,48.4,4.34,76.91
CHN,Asia,China,2020-09-07,90058,33,4730,2,NA,NA,1439323774,10.641,261.899,9.74,1.9,48.4,4.34,76.91
CHN,Asia,China,2020-09-08,90079,21,4732,2,NA,NA,1439323774,10.641,261.899,9.74,1.9,48.4,4.34,76.91
CHN,Asia,China,2020-09-09,90087,8,4733,1,NA,NA,1439323774,10.641,261.899,9.74,1.9,48.4,4.34,76.91
CHN,Asia,China,2020-09-10,90100,13,4733,0,NA,NA,1439323774,10.641,261.899,9.74,1.9,48.4,4.34,76.91
CHN,Asia,China,2020-09-11,90127,27,4733,0,NA,NA,1439323774,10.641,261.899,9.74,1.9,48.4,4.34,76.91
CHN,Asia,China,2020-09-12,90145,18,4733,0,NA,NA,1439323774,10.641,261.899,9.74,1.9,48.4,4.34,76.91
CHN,Asia,China,2020-09-13,90168,23,4734,1,NA,NA,1439323774,10.641,261.899,9.74,1.9,48.4,4.34,76.91
CHN,Asia,China,2020-09-14,90197,29,4734,0,NA,NA,1439323774,10.641,261.899,9.74,1.9,48.4,4.34,76.91
CHN,Asia,China,2020-09-15,90219,22,4735,1,NA,NA,1439323774,10.641,261.899,9.74,1.9,48.4,4.34,76.91
CHN,Asia,China,2020-09-16,90243,24,4736,1,NA,NA,1439323774,10.641,261.899,9.74,1.9,48.4,4.34,76.91
CHN,Asia,China,2020-09-17,90250,7,4736,0,NA,NA,1439323774,10.641,261.899,9.74,1.9,48.4,4.34,76.91
CHN,Asia,China,2020-09-18,90294,44,4736,0,NA,NA,1439323774,10.641,261.899,9.74,1.9,48.4,4.34,76.91
CHN,Asia,China,2020-09-19,90308,14,4737,1,NA,NA,1439323774,10.641,261.899,9.74,1.9,48.4,4.34,76.91
CHN,Asia,China,2020-09-20,90333,25,4737,0,NA,NA,1439323774,10.641,261.899,9.74,1.9,48.4,4.34,76.91
CHN,Asia,China,2020-09-21,90369,36,4737,0,NA,NA,1439323774,10.641,261.899,9.74,1.9,48.4,4.34,76.91
CHN,Asia,China,2020-09-22,90381,12,4737,0,NA,NA,1439323774,10.641,261.899,9.74,1.9,48.4,4.34,76.91
CHN,Asia,China,2020-09-23,90399,18,4737,0,NA,NA,1439323774,10.641,261.899,9.74,1.9,48.4,4.34,76.91
CHN,Asia,China,2020-09-24,90409,10,4738,1,NA,NA,1439323774,10.641,261.899,9.74,1.9,48.4,4.34,76.91
CHN,Asia,China,2020-09-25,90424,15,4738,0,NA,NA,1439323774,10.641,261.899,9.74,1.9,48.4,4.34,76.91
CHN,Asia,China,2020-09-26,90441,17,4739,1,NA,NA,1439323774,10.641,261.899,9.74,1.9,48.4,4.34,76.91
CHN,Asia,China,2020-09-27,90456,15,4739,0,NA,NA,1439323774,10.641,261.899,9.74,1.9,48.4,4.34,76.91
CHN,Asia,China,2020-09-28,90483,27,4739,0,NA,NA,1439323774,10.641,261.899,9.74,1.9,48.4,4.34,76.91
CHN,Asia,China,2020-09-29,90505,22,4739,0,NA,NA,1439323774,10.641,261.899,9.74,1.9,48.4,4.34,76.91
FRA,Europe,France,2020-01-01,0,0,0,0,NA,NA,65273512,19.718,86.06,4.77,30.1,35.6,5.98,82.66
FRA,Europe,France,2020-01-02,0,0,0,0,NA,NA,65273512,19.718,86.06,4.77,30.1,35.6,5.98,82.66
FRA,Europe,France,2020-01-03,0,0,0,0,NA,NA,65273512,19.718,86.06,4.77,30.1,35.6,5.98,82.66
FRA,Europe,France,2020-01-04,0,0,0,0,NA,NA,65273512,19.718,86.06,4.77,30.1,35.6,5.98,82.66
FRA,Europe,France,2020-01-05,0,0,0,0,NA,NA,65273512,19.718,86.06,4.77,30.1,35.6,5.98,82.66
FRA,Europe,France,2020-01-06,0,0,0,0,NA,NA,65273512,19.718,86.06,4.77,30.1,35.6,5.98,82.66
FRA,Europe,France,2020-01-07,0,0,0,0,NA,NA,65273512,19.718,86.06,4.77,30.1,35.6,5.98,82.66
FRA,Europe,France,2020-01-08,0,0,0,0,NA,NA,65273512,19.718,86.06,4.77,30.1,35.6,5.98,82.66
FRA,Europe,France,2020-01-09,0,0,0,0,NA,NA,65273512,19.718,86.06,4.77,30.1,35.6,5.98,82.66
FRA,Europe,France,2020-01-10,0,0,0,0,NA,NA,65273512,19.718,86.06,4.77,30.1,35.6,5.98,82.66
FRA,Europe,France,2020-01-11,0,0,0,0,NA,NA,65273512,19.718,86.06,4.77,30.1,35.6,5.98,82.66
FRA,Europe,France,2020-01-12,0,0,0,0,NA,NA,65273512,19.718,86.06,4.77,30.1,35.6,5.98,82.66
FRA,Europe,France,2020-01-13,0,0,0,0,NA,NA,65273512,19.718,86.06,4.77,30.1,35.6,5.98,82.66
FRA,Europe,France,2020-01-14,0,0,0,0,NA,NA,65273512,19.718,86.06,4.77,30.1,35.6,5.98,82.66
FRA,Europe,France,2020-01-15,0,0,0,0,NA,NA,65273512,19.718,86.06,4.77,30.1,35.6,5.98,82.66
FRA,Europe,France,2020-01-16,0,0,0,0,NA,NA,65273512,19.718,86.06,4.77,30.1,35.6,5.98,82.66
FRA,Europe,France,2020-01-17,0,0,0,0,NA,NA,65273512,19.718,86.06,4.77,30.1,35.6,5.98,82.66
FRA,Europe,France,2020-01-18,0,0,0,0,NA,NA,65273512,19.718,86.06,4.77,30.1,35.6,5.98,82.66
FRA,Europe,France,2020-01-19,0,0,0,0,NA,NA,65273512,19.718,86.06,4.77,30.1,35.6,5.98,82.66
FRA,Europe,France,2020-01-20,0,0,0,0,NA,NA,65273512,19.718,86.06,4.77,30.1,35.6,5.98,82.66
FRA,Europe,France,2020-01-21,0,0,0,0,NA,NA,65273512,19.718,86.06,4.77,30.1,35.6,5.98,82.66
FRA,Europe,France,2020-01-22,0,0,0,0,NA,NA,65273512,19.718,86.06,4.77,30.1,35.6,5.98,82.66
FRA,Europe,France,2020-01-23,0,0,0,0,NA,NA,65273512,19.718,86.06,4.77,30.1,35.6,5.98,82.66
FRA,Europe,France,2020-01-24,0,0,0,0,NA,NA,65273512,19.718,86.06,4.77,30.1,35.6,5.98,82.66
FRA,Europe,France,2020-01-25,3,3,0,0,NA,NA,65273512,19.718,86.06,4.77,30.1,35.6,5.98,82.66
FRA,Europe,France,2020-01-26,3,0,0,0,NA,NA,65273512,19.718,86.06,4.77,30.1,35.6,5.98,82.66
FRA,Europe,France,2020-01-27,3,0,0,0,NA,NA,65273512,19.718,86.06,4.77,30.1,35.6,5.98,82.66
FRA,Europe,France,2020-01-28,3,0,0,0,NA,NA,65273512,19.718,86.06,4.77,30.1,35.6,5.98,82.66
FRA,Europe,France,2020-01-29,4,1,0,0,NA,NA,65273512,19.718,86.06,4.77,30.1,35.6,5.98,82.66
FRA,Europe,France,2020-01-30,5,1,0,0,NA,NA,65273512,19.718,86.06,4.77,30.1,35.6,5.98,82.66
FRA,Europe,France,2020-01-31,6,1,0,0,NA,NA,65273512,19.718,86.06,4.77,30.1,35.6,5.98,82.66
FRA,Europe,France,2020-02-01,6,0,0,0,NA,NA,65273512,19.718,86.06,4.77,30.1,35.6,5.98,82.66
FRA,Europe,France,2020-02-02,6,0,0,0,NA,NA,65273512,19.718,86.06,4.77,30.1,35.6,5.98,82.66
FRA,Europe,France,2020-02-03,6,0,0,0,NA,NA,65273512,19.718,86.06,4.77,30.1,35.6,5.98,82.66
FRA,Europe,France,2020-02-04,6,0,0,0,NA,NA,65273512,19.718,86.06,4.77,30.1,35.6,5.98,82.66
FRA,Europe,France,2020-02-05,6,0,0,0,NA,NA,65273512,19.718,86.06,4.77,30.1,35.6,5.98,82.66
FRA,Europe,France,2020-02-06,6,0,0,0,NA,NA,65273512,19.718,86.06,4.77,30.1,35.6,5.98,82.66
FRA,Europe,France,2020-02-07,6,0,0,0,NA,NA,65273512,19.718,86.06,4.77,30.1,35.6,5.98,82.66
FRA,Europe,France,2020-02-08,11,5,0,0,NA,NA,65273512,19.718,86.06,4.77,30.1,35.6,5.98,82.66
FRA,Europe,France,2020-02-09,11,0,0,0,NA,NA,65273512,19.718,86.06,4.77,30.1,35.6,5.98,82.66
FRA,Europe,France,2020-02-10,11,0,0,0,NA,NA,65273512,19.718,86.06,4.77,30.1,35.6,5.98,82.66
FRA,Europe,France,2020-02-11,11,0,0,0,NA,NA,65273512,19.718,86.06,4.77,30.1,35.6,5.98,82.66
FRA,Europe,France,2020-02-12,11,0,0,0,NA,NA,65273512,19.718,86.06,4.77,30.1,35.6,5.98,82.66
FRA,Europe,France,2020-02-13,11,0,0,0,NA,NA,65273512,19.718,86.06,4.77,30.1,35.6,5.98,82.66
FRA,Europe,France,2020-02-14,11,0,0,0,NA,NA,65273512,19.718,86.06,4.77,30.1,35.6,5.98,82.66
FRA,Europe,France,2020-02-15,11,0,1,1,NA,NA,65273512,19.718,86.06,4.77,30.1,35.6,5.98,82.66
FRA,Europe,France,2020-02-16,11,0,1,0,NA,NA,65273512,19.718,86.06,4.77,30.1,35.6,5.98,82.66
FRA,Europe,France,2020-02-17,12,1,1,0,NA,NA,65273512,19.718,86.06,4.77,30.1,35.6,5.98,82.66
FRA,Europe,France,2020-02-18,12,0,1,0,NA,NA,65273512,19.718,86.06,4.77,30.1,35.6,5.98,82.66
FRA,Europe,France,2020-02-19,12,0,1,0,NA,NA,65273512,19.718,86.06,4.77,30.1,35.6,5.98,82.66
FRA,Europe,France,2020-02-20,12,0,1,0,NA,NA,65273512,19.718,86.06,4.77,30.1,35.6,5.98,82.66
FRA,Europe,France,2020-02-21,12,0,1,0,NA,NA,65273512,19.718,86.06,4.77,30.1,35.6,5.98,82.66
FRA,Europe,France,2020-02-22,12,0,1,0,NA,NA,65273512,19.718,86.06,4.77,30.1,35.6,5.98,82.66
FRA,Europe,France,2020-02-23,12,0,1,0,NA,NA,65273512,19.718,86.06,4.77,30.1,35.6,5.98,82.66
FRA,Europe,France,2020-02-24,12,0,1,0,NA,NA,65273512,19.718,86.06,4.77,30.1,35.6,5.98,82.66
FRA,Europe,France,2020-02-25,12,0,1,0,NA,NA,65273512,19.718,86.06,4.77,30.1,35.6,5.98,82.66
FRA,Europe,France,2020-02-26,14,2,1,0,NA,NA,65273512,19.718,86.06,4.77,30.1,35.6,5.98,82.66
FRA,Europe,France,2020-02-27,17,3,2,1,NA,NA,65273512,19.718,86.06,4.77,30.1,35.6,5.98,82.66
FRA,Europe,France,2020-02-28,38,21,2,0,NA,NA,65273512,19.718,86.06,4.77,30.1,35.6,5.98,82.66
FRA,Europe,France,2020-02-29,57,19,2,0,NA,NA,65273512,19.718,86.06,4.77,30.1,35.6,5.98,82.66
FRA,Europe,France,2020-03-01,100,43,2,0,NA,NA,65273512,19.718,86.06,4.77,30.1,35.6,5.98,82.66
FRA,Europe,France,2020-03-02,130,30,2,0,NA,NA,65273512,19.718,86.06,4.77,30.1,35.6,5.98,82.66
FRA,Europe,France,2020-03-03,178,48,3,1,NA,NA,65273512,19.718,86.06,4.77,30.1,35.6,5.98,82.66
FRA,Europe,France,2020-03-04,212,34,4,1,NA,NA,65273512,19.718,86.06,4.77,30.1,35.6,5.98,82.66
FRA,Europe,France,2020-03-05,285,73,4,0,NA,NA,65273512,19.718,86.06,4.77,30.1,35.6,5.98,82.66
FRA,Europe,France,2020-03-06,423,138,7,3,NA,NA,65273512,19.718,86.06,4.77,30.1,35.6,5.98,82.66
FRA,Europe,France,2020-03-07,613,190,9,2,NA,NA,65273512,19.718,86.06,4.77,30.1,35.6,5.98,82.66
FRA,Europe,France,2020-03-08,716,103,10,1,NA,NA,65273512,19.718,86.06,4.77,30.1,35.6,5.98,82.66
FRA,Europe,France,2020-03-09,1126,410,19,9,NA,NA,65273512,19.718,86.06,4.77,30.1,35.6,5.98,82.66
FRA,Europe,France,2020-03-10,1412,286,30,11,NA,NA,65273512,19.718,86.06,4.77,30.1,35.6,5.98,82.66
FRA,Europe,France,2020-03-11,1784,372,33,3,NA,NA,65273512,19.718,86.06,4.77,30.1,35.6,5.98,82.66
FRA,Europe,France,2020-03-12,2281,497,48,15,NA,NA,65273512,19.718,86.06,4.77,30.1,35.6,5.98,82.66
FRA,Europe,France,2020-03-13,2876,595,61,13,NA,NA,65273512,19.718,86.06,4.77,30.1,35.6,5.98,82.66
FRA,Europe,France,2020-03-14,3661,785,79,18,NA,NA,65273512,19.718,86.06,4.77,30.1,35.6,5.98,82.66
FRA,Europe,France,2020-03-15,4499,838,91,12,NA,NA,65273512,19.718,86.06,4.77,30.1,35.6,5.98,82.66
FRA,Europe,France,2020-03-16,5423,924,127,36,NA,NA,65273512,19.718,86.06,4.77,30.1,35.6,5.98,82.66
FRA,Europe,France,2020-03-17,6633,1210,148,21,NA,NA,65273512,19.718,86.06,4.77,30.1,35.6,5.98,82.66
FRA,Europe,France,2020-03-18,7730,1097,175,27,NA,NA,65273512,19.718,86.06,4.77,30.1,35.6,5.98,82.66
FRA,Europe,France,2020-03-19,9134,1404,244,69,NA,NA,65273512,19.718,86.06,4.77,30.1,35.6,5.98,82.66
FRA,Europe,France,2020-03-20,10995,1861,372,128,NA,NA,65273512,19.718,86.06,4.77,30.1,35.6,5.98,82.66
FRA,Europe,France,2020-03-21,12612,1617,450,78,NA,NA,65273512,19.718,86.06,4.77,30.1,35.6,5.98,82.66
FRA,Europe,France,2020-03-22,14459,1847,562,112,NA,NA,65273512,19.718,86.06,4.77,30.1,35.6,5.98,82.66
FRA,Europe,France,2020-03-23,16018,1559,674,112,NA,NA,65273512,19.718,86.06,4.77,30.1,35.6,5.98,82.66
FRA,Europe,France,2020-03-24,19856,3838,860,186,NA,NA,65273512,19.718,86.06,4.77,30.1,35.6,5.98,82.66
FRA,Europe,France,2020-03-25,22302,2446,1100,240,NA,NA,65273512,19.718,86.06,4.77,30.1,35.6,5.98,82.66
FRA,Europe,France,2020-03-26,25233,2931,1331,231,NA,NA,65273512,19.718,86.06,4.77,30.1,35.6,5.98,82.66
FRA,Europe,France,2020-03-27,29155,3922,1696,365,NA,NA,65273512,19.718,86.06,4.77,30.1,35.6,5.98,82.66
FRA,Europe,France,2020-03-28,32964,3809,1995,299,NA,NA,65273512,19.718,86.06,4.77,30.1,35.6,5.98,82.66
FRA,Europe,France,2020-03-29,37575,4611,2314,319,NA,NA,65273512,19.718,86.06,4.77,30.1,35.6,5.98,82.66
FRA,Europe,France,2020-03-30,40174,2599,2606,292,NA,NA,65273512,19.718,86.06,4.77,30.1,35.6,5.98,82.66
FRA,Europe,France,2020-03-31,44550,4376,3024,418,NA,NA,65273512,19.718,86.06,4.77,30.1,35.6,5.98,82.66
FRA,Europe,France,2020-04-01,52128,7578,3523,499,NA,NA,65273512,19.718,86.06,4.77,30.1,35.6,5.98,82.66
FRA,Europe,France,2020-04-02,56989,4861,4032,509,NA,NA,65273512,19.718,86.06,4.77,30.1,35.6,5.98,82.66
FRA,Europe,France,2020-04-03,59105,2116,4503,471,NA,NA,65273512,19.718,86.06,4.77,30.1,35.6,5.98,82.66
FRA,Europe,France,2020-04-04,64338,5233,6507,2004,NA,NA,65273512,19.718,86.06,4.77,30.1,35.6,5.98,82.66
FRA,Europe,France,2020-04-05,68605,4267,7560,1053,NA,NA,65273512,19.718,86.06,4.77,30.1,35.6,5.98,82.66
FRA,Europe,France,2020-04-06,70478,1873,8078,518,NA,NA,65273512,19.718,86.06,4.77,30.1,35.6,5.98,82.66
FRA,Europe,France,2020-04-07,74390,3912,8911,833,NA,NA,65273512,19.718,86.06,4.77,30.1,35.6,5.98,82.66
FRA,Europe,France,2020-04-08,78167,3777,10328,1417,NA,NA,65273512,19.718,86.06,4.77,30.1,35.6,5.98,82.66
FRA,Europe,France,2020-04-09,82048,3881,10869,541,NA,NA,65273512,19.718,86.06,4.77,30.1,35.6,5.98,82.66
FRA,Europe,France,2020-04-10,86334,4286,12210,1341,NA,NA,65273512,19.718,86.06,4.77,30.1,35.6,5.98,82.66
FRA,Europe,France,2020-04-11,90676,4342,13197,987,NA,NA,65273512,19.718,86.06,4.77,30.1,35.6,5.98,82.66
FRA,Europe,France,2020-04-12,93790,3114,13832,635,NA,NA,65273512,19.718,86.06,4.77,30.1,35.6,5.98,82.66
FRA,Europe,France,2020-04-13,95403,1613,14393,561,NA,NA,65273512,19.718,86.06,4.77,30.1,35.6,5.98,82.66
FRA,Europe,France,2020-04-14,98076,2673,14967,574,NA,NA,65273512,19.718,86.06,4.77,30.1,35.6,5.98,82.66
FRA,Europe,France,2020-04-15,103573,5497,15729,762,NA,NA,65273512,19.718,86.06,4.77,30.1,35.6,5.98,82.66
FRA,Europe,France,2020-04-16,106206,2633,17167,1438,NA,NA,65273512,19.718,86.06,4.77,30.1,35.6,5.98,82.66
FRA,Europe,France,2020-04-17,108847,2641,17920,753,NA,NA,65273512,19.718,86.06,4.77,30.1,35.6,5.98,82.66
FRA,Europe,France,2020-04-18,109252,405,18681,761,NA,NA,65273512,19.718,86.06,4.77,30.1,35.6,5.98,82.66
FRA,Europe,France,2020-04-19,111821,2569,19323,642,NA,NA,65273512,19.718,86.06,4.77,30.1,35.6,5.98,82.66
FRA,Europe,France,2020-04-20,112606,785,19718,395,NA,NA,65273512,19.718,86.06,4.77,30.1,35.6,5.98,82.66
FRA,Europe,France,2020-04-21,114657,2051,20265,547,NA,NA,65273512,19.718,86.06,4.77,30.1,35.6,5.98,82.66
FRA,Europe,France,2020-04-22,117324,2667,20796,531,NA,NA,65273512,19.718,86.06,4.77,30.1,35.6,5.98,82.66
FRA,Europe,France,2020-04-23,119151,1827,21340,544,NA,NA,65273512,19.718,86.06,4.77,30.1,35.6,5.98,82.66
FRA,Europe,France,2020-04-24,120804,1653,21856,516,NA,NA,65273512,19.718,86.06,4.77,30.1,35.6,5.98,82.66
FRA,Europe,France,2020-04-25,122577,1773,22245,389,NA,NA,65273512,19.718,86.06,4.77,30.1,35.6,5.98,82.66
FRA,Europe,France,2020-04-26,124114,1537,22614,369,NA,NA,65273512,19.718,86.06,4.77,30.1,35.6,5.98,82.66
FRA,Europe,France,2020-04-27,124575,461,22856,242,NA,NA,65273512,19.718,86.06,4.77,30.1,35.6,5.98,82.66
FRA,Europe,France,2020-04-28,125770,1195,23293,437,NA,NA,65273512,19.718,86.06,4.77,30.1,35.6,5.98,82.66
FRA,Europe,France,2020-04-29,126835,1065,23660,367,NA,NA,65273512,19.718,86.06,4.77,30.1,35.6,5.98,82.66
FRA,Europe,France,2020-04-30,128442,1607,24087,427,NA,NA,65273512,19.718,86.06,4.77,30.1,35.6,5.98,82.66
FRA,Europe,France,2020-05-01,129581,1139,24376,289,NA,NA,65273512,19.718,86.06,4.77,30.1,35.6,5.98,82.66
FRA,Europe,France,2020-05-02,130185,604,24594,218,NA,NA,65273512,19.718,86.06,4.77,30.1,35.6,5.98,82.66
FRA,Europe,France,2020-05-03,130979,794,24760,166,NA,NA,65273512,19.718,86.06,4.77,30.1,35.6,5.98,82.66
FRA,Europe,France,2020-05-04,131287,308,24895,135,NA,NA,65273512,19.718,86.06,4.77,30.1,35.6,5.98,82.66
FRA,Europe,France,2020-05-05,131863,576,25201,306,NA,NA,65273512,19.718,86.06,4.77,30.1,35.6,5.98,82.66
FRA,Europe,France,2020-05-06,132967,1104,25531,330,NA,NA,65273512,19.718,86.06,4.77,30.1,35.6,5.98,82.66
FRA,Europe,France,2020-05-07,137150,4183,25809,278,NA,NA,65273512,19.718,86.06,4.77,30.1,35.6,5.98,82.66
FRA,Europe,France,2020-05-08,137779,629,25987,178,NA,NA,65273512,19.718,86.06,4.77,30.1,35.6,5.98,82.66
FRA,Europe,France,2020-05-09,138421,642,26230,243,NA,NA,65273512,19.718,86.06,4.77,30.1,35.6,5.98,82.66
FRA,Europe,France,2020-05-10,138854,433,26310,80,NA,NA,65273512,19.718,86.06,4.77,30.1,35.6,5.98,82.66
FRA,Europe,France,2020-05-11,139063,209,26380,70,NA,NA,65273512,19.718,86.06,4.77,30.1,35.6,5.98,82.66
FRA,Europe,France,2020-05-12,139519,456,26643,263,NA,NA,65273512,19.718,86.06,4.77,30.1,35.6,5.98,82.66
FRA,Europe,France,2020-05-13,140227,708,26991,348,39672,NA,65273512,19.718,86.06,4.77,30.1,35.6,5.98,82.66
FRA,Europe,France,2020-05-14,140734,507,27074,83,42835,NA,65273512,19.718,86.06,4.77,30.1,35.6,5.98,82.66
FRA,Europe,France,2020-05-15,141356,622,27425,351,47866,NA,65273512,19.718,86.06,4.77,30.1,35.6,5.98,82.66
FRA,Europe,France,2020-05-16,141919,563,27555,130,16294,NA,65273512,19.718,86.06,4.77,30.1,35.6,5.98,82.66
FRA,Europe,France,2020-05-17,142291,372,27643,88,6315,NA,65273512,19.718,86.06,4.77,30.1,35.6,5.98,82.66
FRA,Europe,France,2020-05-18,142411,120,27711,68,50657,NA,65273512,19.718,86.06,4.77,30.1,35.6,5.98,82.66
FRA,Europe,France,2020-05-19,142903,492,27897,186,52304,NA,65273512,19.718,86.06,4.77,30.1,35.6,5.98,82.66
FRA,Europe,France,2020-05-20,143427,524,28022,125,52124,NA,65273512,19.718,86.06,4.77,30.1,35.6,5.98,82.66
FRA,Europe,France,2020-05-21,143845,418,28132,110,9052,NA,65273512,19.718,86.06,4.77,30.1,35.6,5.98,82.66
FRA,Europe,France,2020-05-22,144163,318,28215,83,48771,NA,65273512,19.718,86.06,4.77,30.1,35.6,5.98,82.66
FRA,Europe,France,2020-05-23,144566,403,28289,74,18127,NA,65273512,19.718,86.06,4.77,30.1,35.6,5.98,82.66
FRA,Europe,France,2020-05-24,144806,240,28332,43,6476,NA,65273512,19.718,86.06,4.77,30.1,35.6,5.98,82.66
FRA,Europe,France,2020-05-25,144921,115,28367,35,49159,NA,65273512,19.718,86.06,4.77,30.1,35.6,5.98,82.66
FRA,Europe,France,2020-05-26,145279,358,28432,65,51476,NA,65273512,19.718,86.06,4.77,30.1,35.6,5.98,82.66
FRA,Europe,France,2020-05-27,145555,276,28530,98,43854,NA,65273512,19.718,86.06,4.77,30.1,35.6,5.98,82.66
FRA,Europe,France,2020-05-28,145746,191,28596,66,42171,NA,65273512,19.718,86.06,4.77,30.1,35.6,5.98,82.66
FRA,Europe,France,2020-05-29,149071,3325,28662,66,46827,NA,65273512,19.718,86.06,4.77,30.1,35.6,5.98,82.66
FRA,Europe,France,2020-05-30,149668,597,28714,52,19101,NA,65273512,19.718,86.06,4.77,30.1,35.6,5.98,82.66
FRA,Europe,France,2020-05-31,151496,1828,28771,57,7830,NA,65273512,19.718,86.06,4.77,30.1,35.6,5.98,82.66
FRA,Europe,France,2020-06-01,151753,257,28802,31,9057,NA,65273512,19.718,86.06,4.77,30.1,35.6,5.98,82.66
FRA,Europe,France,2020-06-02,152091,338,28833,31,46042,NA,65273512,19.718,86.06,4.77,30.1,35.6,5.98,82.66
FRA,Europe,France,2020-06-03,151325,766,28940,107,42587,NA,65273512,19.718,86.06,4.77,30.1,35.6,5.98,82.66
FRA,Europe,France,2020-06-04,151677,352,29021,81,39416,NA,65273512,19.718,86.06,4.77,30.1,35.6,5.98,82.66
FRA,Europe,France,2020-06-05,152444,767,29065,44,44324,NA,65273512,19.718,86.06,4.77,30.1,35.6,5.98,82.66
FRA,Europe,France,2020-06-06,153055,611,29111,46,18538,NA,65273512,19.718,86.06,4.77,30.1,35.6,5.98,82.66
FRA,Europe,France,2020-06-07,153634,579,29142,31,6773,NA,65273512,19.718,86.06,4.77,30.1,35.6,5.98,82.66
FRA,Europe,France,2020-06-08,153977,343,29155,13,42121,NA,65273512,19.718,86.06,4.77,30.1,35.6,5.98,82.66
FRA,Europe,France,2020-06-09,154188,211,29209,54,40819,NA,65273512,19.718,86.06,4.77,30.1,35.6,5.98,82.66
FRA,Europe,France,2020-06-10,154591,403,29296,87,38110,NA,65273512,19.718,86.06,4.77,30.1,35.6,5.98,82.66
FRA,Europe,France,2020-06-11,155136,545,29319,23,36218,NA,65273512,19.718,86.06,4.77,30.1,35.6,5.98,82.66
FRA,Europe,France,2020-06-12,155561,425,29346,27,41395,NA,65273512,19.718,86.06,4.77,30.1,35.6,5.98,82.66
FRA,Europe,France,2020-06-13,156287,726,29374,28,17760,NA,65273512,19.718,86.06,4.77,30.1,35.6,5.98,82.66
FRA,Europe,France,2020-06-14,156813,526,29398,24,5837,NA,65273512,19.718,86.06,4.77,30.1,35.6,5.98,82.66
FRA,Europe,France,2020-06-15,157220,407,29407,9,40396,NA,65273512,19.718,86.06,4.77,30.1,35.6,5.98,82.66
FRA,Europe,France,2020-06-16,157372,152,29436,29,39409,NA,65273512,19.718,86.06,4.77,30.1,35.6,5.98,82.66
FRA,Europe,France,2020-06-17,157716,344,29547,111,37156,NA,65273512,19.718,86.06,4.77,30.1,35.6,5.98,82.66
FRA,Europe,France,2020-06-18,158174,458,29575,28,35168,NA,65273512,19.718,86.06,4.77,30.1,35.6,5.98,82.66
FRA,Europe,France,2020-06-19,158641,467,29603,28,42474,NA,65273512,19.718,86.06,4.77,30.1,35.6,5.98,82.66
FRA,Europe,France,2020-06-20,159452,811,29617,14,20041,NA,65273512,19.718,86.06,4.77,30.1,35.6,5.98,82.66
FRA,Europe,France,2020-06-21,160093,641,29633,16,5656,NA,65273512,19.718,86.06,4.77,30.1,35.6,5.98,82.66
FRA,Europe,France,2020-06-22,160377,284,29640,7,43937,NA,65273512,19.718,86.06,4.77,30.1,35.6,5.98,82.66
FRA,Europe,France,2020-06-23,160750,373,29663,23,44575,NA,65273512,19.718,86.06,4.77,30.1,35.6,5.98,82.66
FRA,Europe,France,2020-06-24,161267,517,29720,57,42216,NA,65273512,19.718,86.06,4.77,30.1,35.6,5.98,82.66
FRA,Europe,France,2020-06-25,161348,81,29731,11,36490,NA,65273512,19.718,86.06,4.77,30.1,35.6,5.98,82.66
FRA,Europe,France,2020-06-26,161348,0,29752,21,47260,NA,65273512,19.718,86.06,4.77,30.1,35.6,5.98,82.66
FRA,Europe,France,2020-06-27,162936,1588,29778,26,22724,NA,65273512,19.718,86.06,4.77,30.1,35.6,5.98,82.66
FRA,Europe,France,2020-06-28,162936,0,29778,0,7293,NA,65273512,19.718,86.06,4.77,30.1,35.6,5.98,82.66
FRA,Europe,France,2020-06-29,162936,0,29778,0,56229,NA,65273512,19.718,86.06,4.77,30.1,35.6,5.98,82.66
FRA,Europe,France,2020-06-30,164260,1324,29813,35,54555,NA,65273512,19.718,86.06,4.77,30.1,35.6,5.98,82.66
FRA,Europe,France,2020-07-01,164801,541,29843,30,52708,NA,65273512,19.718,86.06,4.77,30.1,35.6,5.98,82.66
FRA,Europe,France,2020-07-02,165719,918,29861,18,50776,NA,65273512,19.718,86.06,4.77,30.1,35.6,5.98,82.66
FRA,Europe,France,2020-07-03,166378,659,29875,14,59355,NA,65273512,19.718,86.06,4.77,30.1,35.6,5.98,82.66
FRA,Europe,France,2020-07-04,166960,582,29893,18,26729,NA,65273512,19.718,86.06,4.77,30.1,35.6,5.98,82.66
FRA,Europe,France,2020-07-05,166960,0,29893,0,7495,NA,65273512,19.718,86.06,4.77,30.1,35.6,5.98,82.66
FRA,Europe,France,2020-07-06,166960,0,29893,0,60668,NA,65273512,19.718,86.06,4.77,30.1,35.6,5.98,82.66
FRA,Europe,France,2020-07-07,168335,1375,29920,27,60216,NA,65273512,19.718,86.06,4.77,30.1,35.6,5.98,82.66
FRA,Europe,France,2020-07-08,168810,475,29933,13,59586,NA,65273512,19.718,86.06,4.77,30.1,35.6,5.98,82.66
FRA,Europe,France,2020-07-09,169473,663,29965,32,63082,NA,65273512,19.718,86.06,4.77,30.1,35.6,5.98,82.66
FRA,Europe,France,2020-07-10,170094,621,29979,14,70485,NA,65273512,19.718,86.06,4.77,30.1,35.6,5.98,82.66
FRA,Europe,France,2020-07-11,170752,658,30004,25,29812,NA,65273512,19.718,86.06,4.77,30.1,35.6,5.98,82.66
FRA,Europe,France,2020-07-12,170752,0,30004,0,7519,NA,65273512,19.718,86.06,4.77,30.1,35.6,5.98,82.66
FRA,Europe,France,2020-07-13,170752,0,30004,0,71863,NA,65273512,19.718,86.06,4.77,30.1,35.6,5.98,82.66
FRA,Europe,France,2020-07-14,172377,1625,30029,25,10725,NA,65273512,19.718,86.06,4.77,30.1,35.6,5.98,82.66
FRA,Europe,France,2020-07-15,172377,0,30029,0,72217,NA,65273512,19.718,86.06,4.77,30.1,35.6,5.98,82.66
FRA,Europe,France,2020-07-16,173304,927,30120,91,76432,NA,65273512,19.718,86.06,4.77,30.1,35.6,5.98,82.66
FRA,Europe,France,2020-07-17,173838,534,30138,18,85376,NA,65273512,19.718,86.06,4.77,30.1,35.6,5.98,82.66
FRA,Europe,France,2020-07-18,174674,836,30152,14,36802,NA,65273512,19.718,86.06,4.77,30.1,35.6,5.98,82.66
FRA,Europe,France,2020-07-19,174674,0,30152,0,10610,NA,65273512,19.718,86.06,4.77,30.1,35.6,5.98,82.66
FRA,Europe,France,2020-07-20,174674,0,30152,0,83389,NA,65273512,19.718,86.06,4.77,30.1,35.6,5.98,82.66
FRA,Europe,France,2020-07-21,176754,2080,30165,13,80861,NA,65273512,19.718,86.06,4.77,30.1,35.6,5.98,82.66
FRA,Europe,France,2020-07-22,177338,584,30165,0,80319,NA,65273512,19.718,86.06,4.77,30.1,35.6,5.98,82.66
FRA,Europe,France,2020-07-23,178336,998,30172,7,79307,NA,65273512,19.718,86.06,4.77,30.1,35.6,5.98,82.66
FRA,Europe,France,2020-07-24,179398,1062,30182,10,86272,NA,65273512,19.718,86.06,4.77,30.1,35.6,5.98,82.66
FRA,Europe,France,2020-07-25,180528,1130,30192,10,38979,NA,65273512,19.718,86.06,4.77,30.1,35.6,5.98,82.66
FRA,Europe,France,2020-07-26,180528,0,30192,0,13158,NA,65273512,19.718,86.06,4.77,30.1,35.6,5.98,82.66
FRA,Europe,France,2020-07-27,180528,0,30192,0,91744,NA,65273512,19.718,86.06,4.77,30.1,35.6,5.98,82.66
FRA,Europe,France,2020-07-28,183079,2551,30209,17,93820,NA,65273512,19.718,86.06,4.77,30.1,35.6,5.98,82.66
FRA,Europe,France,2020-07-29,183804,725,30223,14,97550,NA,65273512,19.718,86.06,4.77,30.1,35.6,5.98,82.66
FRA,Europe,France,2020-07-30,185196,1392,30238,15,94379,NA,65273512,19.718,86.06,4.77,30.1,35.6,5.98,82.66
FRA,Europe,France,2020-07-31,186573,1377,30254,16,98022,NA,65273512,19.718,86.06,4.77,30.1,35.6,5.98,82.66
FRA,Europe,France,2020-08-01,187919,1346,30265,11,42828,NA,65273512,19.718,86.06,4.77,30.1,35.6,5.98,82.66
FRA,Europe,France,2020-08-02,187919,0,30265,0,14361,NA,65273512,19.718,86.06,4.77,30.1,35.6,5.98,82.66
FRA,Europe,France,2020-08-03,187919,0,30265,0,99582,NA,65273512,19.718,86.06,4.77,30.1,35.6,5.98,82.66
FRA,Europe,France,2020-08-04,191295,3376,30294,29,94625,NA,65273512,19.718,86.06,4.77,30.1,35.6,5.98,82.66
FRA,Europe,France,2020-08-05,192334,1039,30296,2,94775,NA,65273512,19.718,86.06,4.77,30.1,35.6,5.98,82.66
FRA,Europe,France,2020-08-06,194029,1695,30305,9,97150,NA,65273512,19.718,86.06,4.77,30.1,35.6,5.98,82.66
FRA,Europe,France,2020-08-07,195633,1604,30312,7,98938,NA,65273512,19.718,86.06,4.77,30.1,35.6,5.98,82.66
FRA,Europe,France,2020-08-08,197921,2288,30324,12,43995,NA,65273512,19.718,86.06,4.77,30.1,35.6,5.98,82.66
FRA,Europe,France,2020-08-09,197921,0,30324,0,14820,NA,65273512,19.718,86.06,4.77,30.1,35.6,5.98,82.66
FRA,Europe,France,2020-08-10,197921,0,30324,0,101109,NA,65273512,19.718,86.06,4.77,30.1,35.6,5.98,82.66
FRA,Europe,France,2020-08-11,202775,4854,30340,16,92444,NA,65273512,19.718,86.06,4.77,30.1,35.6,5.98,82.66
FRA,Europe,France,2020-08-12,204172,1397,30354,14,96345,NA,65273512,19.718,86.06,4.77,30.1,35.6,5.98,82.66
FRA,Europe,France,2020-08-13,206696,2524,30371,17,105308,NA,65273512,19.718,86.06,4.77,30.1,35.6,5.98,82.66
FRA,Europe,France,2020-08-14,209365,2669,30388,17,115765,NA,65273512,19.718,86.06,4.77,30.1,35.6,5.98,82.66
FRA,Europe,France,2020-08-15,212211,2846,30406,18,23221,NA,65273512,19.718,86.06,4.77,30.1,35.6,5.98,82.66
FRA,Europe,France,2020-08-16,215521,3310,30409,3,19014,NA,65273512,19.718,86.06,4.77,30.1,35.6,5.98,82.66
FRA,Europe,France,2020-08-17,218536,3015,30410,1,132555,NA,65273512,19.718,86.06,4.77,30.1,35.6,5.98,82.66
FRA,Europe,France,2020-08-18,219029,493,30429,19,126267,NA,65273512,19.718,86.06,4.77,30.1,35.6,5.98,82.66
FRA,Europe,France,2020-08-19,221267,2238,30451,22,124591,NA,65273512,19.718,86.06,4.77,30.1,35.6,5.98,82.66
FRA,Europe,France,2020-08-20,225043,3776,30468,17,132138,NA,65273512,19.718,86.06,4.77,30.1,35.6,5.98,82.66
FRA,Europe,France,2020-08-21,229814,4771,30480,12,142830,NA,65273512,19.718,86.06,4.77,30.1,35.6,5.98,82.66
FRA,Europe,France,2020-08-22,234400,4586,30503,23,60562,NA,65273512,19.718,86.06,4.77,30.1,35.6,5.98,82.66
FRA,Europe,France,2020-08-23,238002,3602,30512,9,20081,NA,65273512,19.718,86.06,4.77,30.1,35.6,5.98,82.66
FRA,Europe,France,2020-08-24,242899,4897,30513,1,158854,NA,65273512,19.718,86.06,4.77,30.1,35.6,5.98,82.66
FRA,Europe,France,2020-08-25,244854,1955,30528,15,151908,NA,65273512,19.718,86.06,4.77,30.1,35.6,5.98,82.66
FRA,Europe,France,2020-08-26,248158,3304,30544,16,154783,NA,65273512,19.718,86.06,4.77,30.1,35.6,5.98,82.66
FRA,Europe,France,2020-08-27,253587,5429,30544,0,166328,NA,65273512,19.718,86.06,4.77,30.1,35.6,5.98,82.66
FRA,Europe,France,2020-08-28,259698,6111,30576,32,172656,NA,65273512,19.718,86.06,4.77,30.1,35.6,5.98,82.66
FRA,Europe,France,2020-08-29,267077,7379,30596,20,73380,NA,65273512,19.718,86.06,4.77,30.1,35.6,5.98,82.66
FRA,Europe,France,2020-08-30,272530,5453,30602,6,23592,NA,65273512,19.718,86.06,4.77,30.1,35.6,5.98,82.66
FRA,Europe,France,2020-08-31,277943,5413,30606,4,184421,NA,65273512,19.718,86.06,4.77,30.1,35.6,5.98,82.66
FRA,Europe,France,2020-09-01,281025,3082,30635,29,165549,NA,65273512,19.718,86.06,4.77,30.1,35.6,5.98,82.66
FRA,Europe,France,2020-09-02,286007,4982,30661,26,164584,NA,65273512,19.718,86.06,4.77,30.1,35.6,5.98,82.66
FRA,Europe,France,2020-09-03,293024,7017,30686,25,171135,NA,65273512,19.718,86.06,4.77,30.1,35.6,5.98,82.66
FRA,Europe,France,2020-09-04,300181,7157,30686,0,184576,NA,65273512,19.718,86.06,4.77,30.1,35.6,5.98,82.66
FRA,Europe,France,2020-09-05,309156,8975,30686,0,79888,NA,65273512,19.718,86.06,4.77,30.1,35.6,5.98,82.66
FRA,Europe,France,2020-09-06,317706,8550,30698,12,23382,NA,65273512,19.718,86.06,4.77,30.1,35.6,5.98,82.66
FRA,Europe,France,2020-09-07,324777,7071,30701,3,204064,NA,65273512,19.718,86.06,4.77,30.1,35.6,5.98,82.66
FRA,Europe,France,2020-09-08,328980,4203,30726,25,204187,NA,65273512,19.718,86.06,4.77,30.1,35.6,5.98,82.66
FRA,Europe,France,2020-09-09,335524,6544,30764,38,200093,NA,65273512,19.718,86.06,4.77,30.1,35.6,5.98,82.66
FRA,Europe,France,2020-09-10,344101,8577,30794,30,212165,NA,65273512,19.718,86.06,4.77,30.1,35.6,5.98,82.66
FRA,Europe,France,2020-09-11,353944,9843,30813,19,220728,NA,65273512,19.718,86.06,4.77,30.1,35.6,5.98,82.66
FRA,Europe,France,2020-09-12,363350,9406,30893,80,86723,NA,65273512,19.718,86.06,4.77,30.1,35.6,5.98,82.66
FRA,Europe,France,2020-09-13,373911,10561,30910,17,23692,NA,65273512,19.718,86.06,4.77,30.1,35.6,5.98,82.66
FRA,Europe,France,2020-09-14,381094,7183,30916,6,226969,NA,65273512,19.718,86.06,4.77,30.1,35.6,5.98,82.66
FRA,Europe,France,2020-09-15,387252,6158,30950,34,218918,NA,65273512,19.718,86.06,4.77,30.1,35.6,5.98,82.66
FRA,Europe,France,2020-09-16,395104,7852,30999,49,201369,NA,65273512,19.718,86.06,4.77,30.1,35.6,5.98,82.66
FRA,Europe,France,2020-09-17,404888,9784,31045,46,195918,NA,65273512,19.718,86.06,4.77,30.1,35.6,5.98,82.66
FRA,Europe,France,2020-09-18,415481,10593,31095,50,196648,NA,65273512,19.718,86.06,4.77,30.1,35.6,5.98,82.66
FRA,Europe,France,2020-09-19,428696,13215,31249,154,76652,NA,65273512,19.718,86.06,4.77,30.1,35.6,5.98,82.66
FRA,Europe,France,2020-09-20,442194,13498,31274,25,23442,NA,65273512,19.718,86.06,4.77,30.1,35.6,5.98,82.66
FRA,Europe,France,2020-09-21,453763,11569,31285,11,188487,NA,65273512,19.718,86.06,4.77,30.1,35.6,5.98,82.66
FRA,Europe,France,2020-09-22,458061,4298,31338,53,169432,NA,65273512,19.718,86.06,4.77,30.1,35.6,5.98,82.66
FRA,Europe,France,2020-09-23,468069,10008,31416,78,152995,NA,65273512,19.718,86.06,4.77,30.1,35.6,5.98,82.66
FRA,Europe,France,2020-09-24,481141,13072,31459,43,147031,NA,65273512,19.718,86.06,4.77,30.1,35.6,5.98,82.66
FRA,Europe,France,2020-09-25,497237,16096,31511,52,NA,NA,65273512,19.718,86.06,4.77,30.1,35.6,5.98,82.66
FRA,Europe,France,2020-09-26,513034,15797,31661,150,NA,NA,65273512,19.718,86.06,4.77,30.1,35.6,5.98,82.66
FRA,Europe,France,2020-09-27,527446,14412,31700,39,NA,NA,65273512,19.718,86.06,4.77,30.1,35.6,5.98,82.66
FRA,Europe,France,2020-09-28,538569,11123,31727,27,NA,NA,65273512,19.718,86.06,4.77,30.1,35.6,5.98,82.66
FRA,Europe,France,2020-09-29,542639,4070,31808,81,NA,NA,65273512,19.718,86.06,4.77,30.1,35.6,5.98,82.66
USA,North America,United States,2020-01-01,0,0,0,0,NA,NA,331002647,15.413,151.089,10.79,19.1,24.6,2.77,78.86
USA,North America,United States,2020-01-02,0,0,0,0,NA,NA,331002647,15.413,151.089,10.79,19.1,24.6,2.77,78.86
USA,North America,United States,2020-01-03,0,0,0,0,NA,NA,331002647,15.413,151.089,10.79,19.1,24.6,2.77,78.86
USA,North America,United States,2020-01-04,0,0,0,0,NA,NA,331002647,15.413,151.089,10.79,19.1,24.6,2.77,78.86
USA,North America,United States,2020-01-05,0,0,0,0,NA,NA,331002647,15.413,151.089,10.79,19.1,24.6,2.77,78.86
USA,North America,United States,2020-01-06,0,0,0,0,NA,NA,331002647,15.413,151.089,10.79,19.1,24.6,2.77,78.86
USA,North America,United States,2020-01-07,0,0,0,0,NA,NA,331002647,15.413,151.089,10.79,19.1,24.6,2.77,78.86
USA,North America,United States,2020-01-08,0,0,0,0,NA,NA,331002647,15.413,151.089,10.79,19.1,24.6,2.77,78.86
USA,North America,United States,2020-01-09,0,0,0,0,NA,NA,331002647,15.413,151.089,10.79,19.1,24.6,2.77,78.86
USA,North America,United States,2020-01-10,0,0,0,0,NA,NA,331002647,15.413,151.089,10.79,19.1,24.6,2.77,78.86
USA,North America,United States,2020-01-11,0,0,0,0,NA,NA,331002647,15.413,151.089,10.79,19.1,24.6,2.77,78.86
USA,North America,United States,2020-01-12,0,0,0,0,NA,NA,331002647,15.413,151.089,10.79,19.1,24.6,2.77,78.86
USA,North America,United States,2020-01-13,0,0,0,0,NA,NA,331002647,15.413,151.089,10.79,19.1,24.6,2.77,78.86
USA,North America,United States,2020-01-14,0,0,0,0,NA,NA,331002647,15.413,151.089,10.79,19.1,24.6,2.77,78.86
USA,North America,United States,2020-01-15,0,0,0,0,NA,NA,331002647,15.413,151.089,10.79,19.1,24.6,2.77,78.86
USA,North America,United States,2020-01-16,0,0,0,0,NA,NA,331002647,15.413,151.089,10.79,19.1,24.6,2.77,78.86
USA,North America,United States,2020-01-17,0,0,0,0,NA,NA,331002647,15.413,151.089,10.79,19.1,24.6,2.77,78.86
USA,North America,United States,2020-01-18,0,0,0,0,NA,NA,331002647,15.413,151.089,10.79,19.1,24.6,2.77,78.86
USA,North America,United States,2020-01-19,0,0,0,0,NA,NA,331002647,15.413,151.089,10.79,19.1,24.6,2.77,78.86
USA,North America,United States,2020-01-20,0,0,0,0,NA,NA,331002647,15.413,151.089,10.79,19.1,24.6,2.77,78.86
USA,North America,United States,2020-01-21,1,1,0,0,NA,NA,331002647,15.413,151.089,10.79,19.1,24.6,2.77,78.86
USA,North America,United States,2020-01-22,1,0,0,0,NA,NA,331002647,15.413,151.089,10.79,19.1,24.6,2.77,78.86
USA,North America,United States,2020-01-23,1,0,0,0,NA,NA,331002647,15.413,151.089,10.79,19.1,24.6,2.77,78.86
USA,North America,United States,2020-01-24,1,0,0,0,NA,NA,331002647,15.413,151.089,10.79,19.1,24.6,2.77,78.86
USA,North America,United States,2020-01-25,2,1,0,0,NA,NA,331002647,15.413,151.089,10.79,19.1,24.6,2.77,78.86
USA,North America,United States,2020-01-26,2,0,0,0,NA,NA,331002647,15.413,151.089,10.79,19.1,24.6,2.77,78.86
USA,North America,United States,2020-01-27,5,3,0,0,NA,NA,331002647,15.413,151.089,10.79,19.1,24.6,2.77,78.86
USA,North America,United States,2020-01-28,5,0,0,0,NA,NA,331002647,15.413,151.089,10.79,19.1,24.6,2.77,78.86
USA,North America,United States,2020-01-29,5,0,0,0,NA,NA,331002647,15.413,151.089,10.79,19.1,24.6,2.77,78.86
USA,North America,United States,2020-01-30,5,0,0,0,NA,NA,331002647,15.413,151.089,10.79,19.1,24.6,2.77,78.86
USA,North America,United States,2020-01-31,6,1,0,0,NA,NA,331002647,15.413,151.089,10.79,19.1,24.6,2.77,78.86
USA,North America,United States,2020-02-01,7,1,0,0,NA,NA,331002647,15.413,151.089,10.79,19.1,24.6,2.77,78.86
USA,North America,United States,2020-02-02,8,1,0,0,NA,NA,331002647,15.413,151.089,10.79,19.1,24.6,2.77,78.86
USA,North America,United States,2020-02-03,11,3,0,0,NA,NA,331002647,15.413,151.089,10.79,19.1,24.6,2.77,78.86
USA,North America,United States,2020-02-04,11,0,0,0,NA,NA,331002647,15.413,151.089,10.79,19.1,24.6,2.77,78.86
USA,North America,United States,2020-02-05,11,0,0,0,NA,NA,331002647,15.413,151.089,10.79,19.1,24.6,2.77,78.86
USA,North America,United States,2020-02-06,12,1,0,0,NA,NA,331002647,15.413,151.089,10.79,19.1,24.6,2.77,78.86
USA,North America,United States,2020-02-07,12,0,0,0,NA,NA,331002647,15.413,151.089,10.79,19.1,24.6,2.77,78.86
USA,North America,United States,2020-02-08,12,0,0,0,NA,NA,331002647,15.413,151.089,10.79,19.1,24.6,2.77,78.86
USA,North America,United States,2020-02-09,12,0,0,0,NA,NA,331002647,15.413,151.089,10.79,19.1,24.6,2.77,78.86
USA,North America,United States,2020-02-10,12,0,0,0,NA,NA,331002647,15.413,151.089,10.79,19.1,24.6,2.77,78.86
USA,North America,United States,2020-02-11,13,1,0,0,NA,NA,331002647,15.413,151.089,10.79,19.1,24.6,2.77,78.86
USA,North America,United States,2020-02-12,13,0,0,0,NA,NA,331002647,15.413,151.089,10.79,19.1,24.6,2.77,78.86
USA,North America,United States,2020-02-13,14,1,0,0,NA,NA,331002647,15.413,151.089,10.79,19.1,24.6,2.77,78.86
USA,North America,United States,2020-02-14,15,1,0,0,NA,NA,331002647,15.413,151.089,10.79,19.1,24.6,2.77,78.86
USA,North America,United States,2020-02-15,15,0,0,0,NA,NA,331002647,15.413,151.089,10.79,19.1,24.6,2.77,78.86
USA,North America,United States,2020-02-16,15,0,0,0,NA,NA,331002647,15.413,151.089,10.79,19.1,24.6,2.77,78.86
USA,North America,United States,2020-02-17,15,0,0,0,NA,NA,331002647,15.413,151.089,10.79,19.1,24.6,2.77,78.86
USA,North America,United States,2020-02-18,15,0,0,0,NA,NA,331002647,15.413,151.089,10.79,19.1,24.6,2.77,78.86
USA,North America,United States,2020-02-19,15,0,0,0,NA,NA,331002647,15.413,151.089,10.79,19.1,24.6,2.77,78.86
USA,North America,United States,2020-02-20,15,0,0,0,NA,NA,331002647,15.413,151.089,10.79,19.1,24.6,2.77,78.86
USA,North America,United States,2020-02-21,16,1,0,0,NA,NA,331002647,15.413,151.089,10.79,19.1,24.6,2.77,78.86
USA,North America,United States,2020-02-22,35,19,0,0,NA,NA,331002647,15.413,151.089,10.79,19.1,24.6,2.77,78.86
USA,North America,United States,2020-02-23,35,0,0,0,NA,NA,331002647,15.413,151.089,10.79,19.1,24.6,2.77,78.86
USA,North America,United States,2020-02-24,35,0,0,0,NA,NA,331002647,15.413,151.089,10.79,19.1,24.6,2.77,78.86
USA,North America,United States,2020-02-25,53,18,0,0,NA,NA,331002647,15.413,151.089,10.79,19.1,24.6,2.77,78.86
USA,North America,United States,2020-02-26,53,0,0,0,NA,NA,331002647,15.413,151.089,10.79,19.1,24.6,2.77,78.86
USA,North America,United States,2020-02-27,59,6,0,0,NA,NA,331002647,15.413,151.089,10.79,19.1,24.6,2.77,78.86
USA,North America,United States,2020-02-28,60,1,0,0,NA,NA,331002647,15.413,151.089,10.79,19.1,24.6,2.77,78.86
USA,North America,United States,2020-02-29,66,6,0,0,NA,NA,331002647,15.413,151.089,10.79,19.1,24.6,2.77,78.86
USA,North America,United States,2020-03-01,69,3,1,1,130,130,331002647,15.413,151.089,10.79,19.1,24.6,2.77,78.86
USA,North America,United States,2020-03-02,89,20,2,1,342,472,331002647,15.413,151.089,10.79,19.1,24.6,2.77,78.86
USA,North America,United States,2020-03-03,103,14,6,4,728,1200,331002647,15.413,151.089,10.79,19.1,24.6,2.77,78.86
USA,North America,United States,2020-03-04,125,22,9,3,842,2042,331002647,15.413,151.089,10.79,19.1,24.6,2.77,78.86
USA,North America,United States,2020-03-05,159,34,11,2,973,3015,331002647,15.413,151.089,10.79,19.1,24.6,2.77,78.86
USA,North America,United States,2020-03-06,233,74,12,1,1312,4327,331002647,15.413,151.089,10.79,19.1,24.6,2.77,78.86
USA,North America,United States,2020-03-07,338,105,14,2,1320,5647,331002647,15.413,151.089,10.79,19.1,24.6,2.77,78.86
USA,North America,United States,2020-03-08,433,95,17,3,1413,7060,331002647,15.413,151.089,10.79,19.1,24.6,2.77,78.86
USA,North America,United States,2020-03-09,554,121,21,4,2028,9088,331002647,15.413,151.089,10.79,19.1,24.6,2.77,78.86
USA,North America,United States,2020-03-10,754,200,26,5,2672,11760,331002647,15.413,151.089,10.79,19.1,24.6,2.77,78.86
USA,North America,United States,2020-03-11,1025,271,28,2,3853,15613,331002647,15.413,151.089,10.79,19.1,24.6,2.77,78.86
USA,North America,United States,2020-03-12,1312,287,30,2,7005,22618,331002647,15.413,151.089,10.79,19.1,24.6,2.77,78.86
USA,North America,United States,2020-03-13,1663,351,40,10,9963,32581,331002647,15.413,151.089,10.79,19.1,24.6,2.77,78.86
USA,North America,United States,2020-03-14,2174,511,47,7,10567,43148,331002647,15.413,151.089,10.79,19.1,24.6,2.77,78.86
USA,North America,United States,2020-03-15,2951,777,57,10,11987,55135,331002647,15.413,151.089,10.79,19.1,24.6,2.77,78.86
USA,North America,United States,2020-03-16,3774,823,69,12,22993,78128,331002647,15.413,151.089,10.79,19.1,24.6,2.77,78.86
USA,North America,United States,2020-03-17,4661,887,85,16,36173,114301,331002647,15.413,151.089,10.79,19.1,24.6,2.77,78.86
USA,North America,United States,2020-03-18,6427,1766,108,23,46939,161240,331002647,15.413,151.089,10.79,19.1,24.6,2.77,78.86
USA,North America,United States,2020-03-19,9415,2988,150,42,56563,217803,331002647,15.413,151.089,10.79,19.1,24.6,2.77,78.86
USA,North America,United States,2020-03-20,14250,4835,150,0,68367,286170,331002647,15.413,151.089,10.79,19.1,24.6,2.77,78.86
USA,North America,United States,2020-03-21,19624,5374,260,110,68694,354864,331002647,15.413,151.089,10.79,19.1,24.6,2.77,78.86
USA,North America,United States,2020-03-22,26747,7123,340,80,63279,418143,331002647,15.413,151.089,10.79,19.1,24.6,2.77,78.86
USA,North America,United States,2020-03-23,35206,8459,471,131,71202,489345,331002647,15.413,151.089,10.79,19.1,24.6,2.77,78.86
USA,North America,United States,2020-03-24,46442,11236,590,119,92292,581637,331002647,15.413,151.089,10.79,19.1,24.6,2.77,78.86
USA,North America,United States,2020-03-25,55231,8789,801,211,101391,683028,331002647,15.413,151.089,10.79,19.1,24.6,2.77,78.86
USA,North America,United States,2020-03-26,69194,13963,1050,249,113253,796281,331002647,15.413,151.089,10.79,19.1,24.6,2.77,78.86
USA,North America,United States,2020-03-27,85991,16797,1296,246,119069,915350,331002647,15.413,151.089,10.79,19.1,24.6,2.77,78.86
USA,North America,United States,2020-03-28,104686,18695,1707,411,108038,1023388,331002647,15.413,151.089,10.79,19.1,24.6,2.77,78.86
USA,North America,United States,2020-03-29,124665,19979,2191,484,98691,1122079,331002647,15.413,151.089,10.79,19.1,24.6,2.77,78.86
USA,North America,United States,2020-03-30,143025,18360,2509,318,109052,1231131,331002647,15.413,151.089,10.79,19.1,24.6,2.77,78.86
USA,North America,United States,2020-03-31,164620,21595,3170,661,127440,1358571,331002647,15.413,151.089,10.79,19.1,24.6,2.77,78.86
USA,North America,United States,2020-04-01,189618,24998,4079,909,135285,1493856,331002647,15.413,151.089,10.79,19.1,24.6,2.77,78.86
USA,North America,United States,2020-04-02,216721,27103,5138,1059,142086,1635942,331002647,15.413,151.089,10.79,19.1,24.6,2.77,78.86
USA,North America,United States,2020-04-03,245540,28819,6053,915,150906,1786848,331002647,15.413,151.089,10.79,19.1,24.6,2.77,78.86
USA,North America,United States,2020-04-04,277965,32425,7157,1104,134886,1921734,331002647,15.413,151.089,10.79,19.1,24.6,2.77,78.86
USA,North America,United States,2020-04-05,312237,34272,8501,1344,128550,2050284,331002647,15.413,151.089,10.79,19.1,24.6,2.77,78.86
USA,North America,United States,2020-04-06,337635,25398,9647,1146,131145,2181429,331002647,15.413,151.089,10.79,19.1,24.6,2.77,78.86
USA,North America,United States,2020-04-07,368196,30561,10989,1342,151761,2333190,331002647,15.413,151.089,10.79,19.1,24.6,2.77,78.86
USA,North America,United States,2020-04-08,398809,30613,12895,1906,346319,2679509,331002647,15.413,151.089,10.79,19.1,24.6,2.77,78.86
USA,North America,United States,2020-04-09,432132,33323,14817,1922,166700,2846209,331002647,15.413,151.089,10.79,19.1,24.6,2.77,78.86
USA,North America,United States,2020-04-10,466033,33901,16690,1873,173275,3019484,331002647,15.413,151.089,10.79,19.1,24.6,2.77,78.86
USA,North America,United States,2020-04-11,501560,35527,18777,2087,207248,3226732,331002647,15.413,151.089,10.79,19.1,24.6,2.77,78.86
USA,North America,United States,2020-04-12,529951,28391,20608,1831,120234,3346966,331002647,15.413,151.089,10.79,19.1,24.6,2.77,78.86
USA,North America,United States,2020-04-13,557571,27620,22108,1500,109006,3455972,331002647,15.413,151.089,10.79,19.1,24.6,2.77,78.86
USA,North America,United States,2020-04-14,582594,25023,23649,1541,149830,3605802,331002647,15.413,151.089,10.79,19.1,24.6,2.77,78.86
USA,North America,United States,2020-04-15,609516,26922,26057,2408,181178,3786980,331002647,15.413,151.089,10.79,19.1,24.6,2.77,78.86
USA,North America,United States,2020-04-16,639664,30148,30985,4928,178513,3965493,331002647,15.413,151.089,10.79,19.1,24.6,2.77,78.86
USA,North America,United States,2020-04-17,671331,31667,33284,2299,176993,4142486,331002647,15.413,151.089,10.79,19.1,24.6,2.77,78.86
USA,North America,United States,2020-04-18,702164,30833,37054,3770,174810,4317296,331002647,15.413,151.089,10.79,19.1,24.6,2.77,78.86
USA,North America,United States,2020-04-19,735086,32922,38910,1856,134061,4451357,331002647,15.413,151.089,10.79,19.1,24.6,2.77,78.86
USA,North America,United States,2020-04-20,759687,24601,40682,1772,156678,4608035,331002647,15.413,151.089,10.79,19.1,24.6,2.77,78.86
USA,North America,United States,2020-04-21,787752,28065,42539,1857,217623,4825658,331002647,15.413,151.089,10.79,19.1,24.6,2.77,78.86
USA,North America,United States,2020-04-22,825041,37289,45063,2524,224293,5049951,331002647,15.413,151.089,10.79,19.1,24.6,2.77,78.86
USA,North America,United States,2020-04-23,842629,17588,46784,1721,217631,5267582,331002647,15.413,151.089,10.79,19.1,24.6,2.77,78.86
USA,North America,United States,2020-04-24,869172,26543,49963,3179,247689,5515271,331002647,15.413,151.089,10.79,19.1,24.6,2.77,78.86
USA,North America,United States,2020-04-25,890524,21352,51017,1054,215373,5730644,331002647,15.413,151.089,10.79,19.1,24.6,2.77,78.86
USA,North America,United States,2020-04-26,939053,48529,53189,2172,199479,5930123,331002647,15.413,151.089,10.79,19.1,24.6,2.77,78.86
USA,North America,United States,2020-04-27,965910,26857,54876,1687,217132,6147255,331002647,15.413,151.089,10.79,19.1,24.6,2.77,78.86
USA,North America,United States,2020-04-28,988451,22541,56245,1369,247277,6394532,331002647,15.413,151.089,10.79,19.1,24.6,2.77,78.86
USA,North America,United States,2020-04-29,1012583,24132,58355,2110,291945,6686477,331002647,15.413,151.089,10.79,19.1,24.6,2.77,78.86
USA,North America,United States,2020-04-30,1039909,27326,60966,2611,309412,6995889,331002647,15.413,151.089,10.79,19.1,24.6,2.77,78.86
USA,North America,United States,2020-05-01,1069826,29917,63006,2040,294174,7290063,331002647,15.413,151.089,10.79,19.1,24.6,2.77,78.86
USA,North America,United States,2020-05-02,1103781,33955,65068,2062,280048,7570111,331002647,15.413,151.089,10.79,19.1,24.6,2.77,78.86
USA,North America,United States,2020-05-03,1133069,29288,66385,1317,180815,7750926,331002647,15.413,151.089,10.79,19.1,24.6,2.77,78.86
USA,North America,United States,2020-05-04,1158041,24972,67682,1297,211723,7962649,331002647,15.413,151.089,10.79,19.1,24.6,2.77,78.86
USA,North America,United States,2020-05-05,1180634,22593,68934,1252,350917,8313566,331002647,15.413,151.089,10.79,19.1,24.6,2.77,78.86
USA,North America,United States,2020-05-06,1204475,23841,71078,2144,313275,8626841,331002647,15.413,151.089,10.79,19.1,24.6,2.77,78.86
USA,North America,United States,2020-05-07,1228603,24128,73431,2353,368192,8995033,331002647,15.413,151.089,10.79,19.1,24.6,2.77,78.86
USA,North America,United States,2020-05-08,1256972,28369,75670,2239,397969,9393002,331002647,15.413,151.089,10.79,19.1,24.6,2.77,78.86
USA,North America,United States,2020-05-09,1283929,26957,77180,1510,316699,9709701,331002647,15.413,151.089,10.79,19.1,24.6,2.77,78.86
USA,North America,United States,2020-05-10,1309541,25612,78794,1614,215705,9925406,331002647,15.413,151.089,10.79,19.1,24.6,2.77,78.86
USA,North America,United States,2020-05-11,1329799,20258,79528,734,350923,10276329,331002647,15.413,151.089,10.79,19.1,24.6,2.77,78.86
USA,North America,United States,2020-05-12,1347916,18117,80684,1156,406077,10682406,331002647,15.413,151.089,10.79,19.1,24.6,2.77,78.86
USA,North America,United States,2020-05-13,1369964,22048,82387,1703,422906,11105312,331002647,15.413,151.089,10.79,19.1,24.6,2.77,78.86
USA,North America,United States,2020-05-14,1390746,20782,84133,1746,432248,11537560,331002647,15.413,151.089,10.79,19.1,24.6,2.77,78.86
USA,North America,United States,2020-05-15,1417889,27143,85906,1773,428170,11965730,331002647,15.413,151.089,10.79,19.1,24.6,2.77,78.86
USA,North America,United States,2020-05-16,1443397,25508,87568,1662,363566,12329296,331002647,15.413,151.089,10.79,19.1,24.6,2.77,78.86
USA,North America,United States,2020-05-17,1467884,24487,88754,1186,303383,12632679,331002647,15.413,151.089,10.79,19.1,24.6,2.77,78.86
USA,North America,United States,2020-05-18,1486757,18873,89562,808,329441,12962120,331002647,15.413,151.089,10.79,19.1,24.6,2.77,78.86
USA,North America,United States,2020-05-19,1508598,21841,90353,791,453626,13415746,331002647,15.413,151.089,10.79,19.1,24.6,2.77,78.86
USA,North America,United States,2020-05-20,1528568,19970,91921,1568,411827,13827573,331002647,15.413,151.089,10.79,19.1,24.6,2.77,78.86
USA,North America,United States,2020-05-21,1551853,23285,93439,1518,509327,14336900,331002647,15.413,151.089,10.79,19.1,24.6,2.77,78.86
USA,North America,United States,2020-05-22,1577287,25434,94702,1263,492579,14829479,331002647,15.413,151.089,10.79,19.1,24.6,2.77,78.86
USA,North America,United States,2020-05-23,1601434,24147,96007,1305,381543,15211022,331002647,15.413,151.089,10.79,19.1,24.6,2.77,78.86
USA,North America,United States,2020-05-24,1622670,21236,97087,1080,295807,15506829,331002647,15.413,151.089,10.79,19.1,24.6,2.77,78.86
USA,North America,United States,2020-05-25,1643238,20568,97720,633,396175,15903004,331002647,15.413,151.089,10.79,19.1,24.6,2.77,78.86
USA,North America,United States,2020-05-26,1662302,19064,98220,500,458704,16361708,331002647,15.413,151.089,10.79,19.1,24.6,2.77,78.86
USA,North America,United States,2020-05-27,1681212,18910,98916,696,514925,16876633,331002647,15.413,151.089,10.79,19.1,24.6,2.77,78.86
USA,North America,United States,2020-05-28,1699933,18721,100442,1526,529013,17405646,331002647,15.413,151.089,10.79,19.1,24.6,2.77,78.86
USA,North America,United States,2020-05-29,1721750,21817,101617,1175,511745,17917391,331002647,15.413,151.089,10.79,19.1,24.6,2.77,78.86
USA,North America,United States,2020-05-30,1747087,25337,102836,1219,466909,18384300,331002647,15.413,151.089,10.79,19.1,24.6,2.77,78.86
USA,North America,United States,2020-05-31,1770384,23297,103781,945,370049,18754349,331002647,15.413,151.089,10.79,19.1,24.6,2.77,78.86
USA,North America,United States,2020-06-01,1790191,19807,104383,602,428767,19183116,331002647,15.413,151.089,10.79,19.1,24.6,2.77,78.86
USA,North America,United States,2020-06-02,1811277,21086,105147,764,461558,19644674,331002647,15.413,151.089,10.79,19.1,24.6,2.77,78.86
USA,North America,United States,2020-06-03,1831821,20544,106181,1034,619490,20264164,331002647,15.413,151.089,10.79,19.1,24.6,2.77,78.86
USA,North America,United States,2020-06-04,1851520,19699,107175,994,599812,20863976,331002647,15.413,151.089,10.79,19.1,24.6,2.77,78.86
USA,North America,United States,2020-06-05,1872660,21140,108211,1036,551347,21415323,331002647,15.413,151.089,10.79,19.1,24.6,2.77,78.86
USA,North America,United States,2020-06-06,1897838,25178,109143,932,503996,21919319,331002647,15.413,151.089,10.79,19.1,24.6,2.77,78.86
USA,North America,United States,2020-06-07,1920061,22223,109802,659,352419,22271738,331002647,15.413,151.089,10.79,19.1,24.6,2.77,78.86
USA,North America,United States,2020-06-08,1942363,22302,110514,712,679750,22951488,331002647,15.413,151.089,10.79,19.1,24.6,2.77,78.86
USA,North America,United States,2020-06-09,1961185,18822,111007,493,584867,23536355,331002647,15.413,151.089,10.79,19.1,24.6,2.77,78.86
USA,North America,United States,2020-06-10,1979850,18665,112006,999,639859,24176214,331002647,15.413,151.089,10.79,19.1,24.6,2.77,78.86
USA,North America,United States,2020-06-11,2000464,20614,112924,918,527660,24703874,331002647,15.413,151.089,10.79,19.1,24.6,2.77,78.86
USA,North America,United States,2020-06-12,2023347,22883,113820,896,536369,25240243,331002647,15.413,151.089,10.79,19.1,24.6,2.77,78.86
USA,North America,United States,2020-06-13,2048986,25639,114669,849,614513,25854756,331002647,15.413,151.089,10.79,19.1,24.6,2.77,78.86
USA,North America,United States,2020-06-14,2074526,25540,115436,767,354808,26209564,331002647,15.413,151.089,10.79,19.1,24.6,2.77,78.86
USA,North America,United States,2020-06-15,2094069,19543,115732,296,567826,26777390,331002647,15.413,151.089,10.79,19.1,24.6,2.77,78.86
USA,North America,United States,2020-06-16,2114026,19957,116127,395,645818,27423208,331002647,15.413,151.089,10.79,19.1,24.6,2.77,78.86
USA,North America,United States,2020-06-17,2137731,23705,116963,836,702565,28125773,331002647,15.413,151.089,10.79,19.1,24.6,2.77,78.86
USA,North America,United States,2020-06-18,2163290,25559,117717,754,698794,28824567,331002647,15.413,151.089,10.79,19.1,24.6,2.77,78.86
USA,North America,United States,2020-06-19,2191052,27762,118434,717,821045,29645612,331002647,15.413,151.089,10.79,19.1,24.6,2.77,78.86
USA,North America,United States,2020-06-20,2220961,29909,119112,678,612615,30258227,331002647,15.413,151.089,10.79,19.1,24.6,2.77,78.86
USA,North America,United States,2020-06-21,2255119,34158,119719,607,450258,30708485,331002647,15.413,151.089,10.79,19.1,24.6,2.77,78.86
USA,North America,United States,2020-06-22,2280912,25793,119975,256,585854,31294339,331002647,15.413,151.089,10.79,19.1,24.6,2.77,78.86
USA,North America,United States,2020-06-23,2312302,31390,120402,427,787823,32082162,331002647,15.413,151.089,10.79,19.1,24.6,2.77,78.86
USA,North America,United States,2020-06-24,2347022,34720,121228,826,724840,32807002,331002647,15.413,151.089,10.79,19.1,24.6,2.77,78.86
USA,North America,United States,2020-06-25,2381361,34339,121979,751,739490,33546492,331002647,15.413,151.089,10.79,19.1,24.6,2.77,78.86
USA,North America,United States,2020-06-26,2422310,40949,124416,2437,775235,34321727,331002647,15.413,151.089,10.79,19.1,24.6,2.77,78.86
USA,North America,United States,2020-06-27,2467837,45527,125039,623,663875,34985602,331002647,15.413,151.089,10.79,19.1,24.6,2.77,78.86
USA,North America,United States,2020-06-28,2510323,42486,125539,500,488023,35473625,331002647,15.413,151.089,10.79,19.1,24.6,2.77,78.86
USA,North America,United States,2020-06-29,2548996,38673,125804,265,762311,36235936,331002647,15.413,151.089,10.79,19.1,24.6,2.77,78.86
USA,North America,United States,2020-06-30,2590552,41556,126140,336,866842,37102778,331002647,15.413,151.089,10.79,19.1,24.6,2.77,78.86
USA,North America,United States,2020-07-01,2634432,43880,127410,1270,922040,38024818,331002647,15.413,151.089,10.79,19.1,24.6,2.77,78.86
USA,North America,United States,2020-07-02,2686480,52048,128062,652,745117,38769935,331002647,15.413,151.089,10.79,19.1,24.6,2.77,78.86
USA,North America,United States,2020-07-03,2739879,53399,128740,678,760818,39530753,331002647,15.413,151.089,10.79,19.1,24.6,2.77,78.86
USA,North America,United States,2020-07-04,2794321,54442,129434,694,530613,40061366,331002647,15.413,151.089,10.79,19.1,24.6,2.77,78.86
USA,North America,United States,2020-07-05,2839542,45221,129676,242,445886,40507252,331002647,15.413,151.089,10.79,19.1,24.6,2.77,78.86
USA,North America,United States,2020-07-06,2888635,49093,129947,271,893631,41400883,331002647,15.413,151.089,10.79,19.1,24.6,2.77,78.86
USA,North America,United States,2020-07-07,2938625,49990,130306,359,859934,42260817,331002647,15.413,151.089,10.79,19.1,24.6,2.77,78.86
USA,North America,United States,2020-07-08,2996098,57473,131480,1174,933165,43193982,331002647,15.413,151.089,10.79,19.1,24.6,2.77,78.86
USA,North America,United States,2020-07-09,3055004,58906,132309,829,942778,44136760,331002647,15.413,151.089,10.79,19.1,24.6,2.77,78.86
USA,North America,United States,2020-07-10,3118008,63004,133291,982,945246,45082006,331002647,15.413,151.089,10.79,19.1,24.6,2.77,78.86
USA,North America,United States,2020-07-11,3184633,66625,134097,806,824354,45906360,331002647,15.413,151.089,10.79,19.1,24.6,2.77,78.86
USA,North America,United States,2020-07-12,3247684,63051,134814,717,718192,46624552,331002647,15.413,151.089,10.79,19.1,24.6,2.77,78.86
USA,North America,United States,2020-07-13,3304942,57258,135205,391,833046,47457598,331002647,15.413,151.089,10.79,19.1,24.6,2.77,78.86
USA,North America,United States,2020-07-14,3363056,58114,135605,400,922556,48380154,331002647,15.413,151.089,10.79,19.1,24.6,2.77,78.86
USA,North America,United States,2020-07-15,3431574,68518,136466,861,875522,49255676,331002647,15.413,151.089,10.79,19.1,24.6,2.77,78.86
USA,North America,United States,2020-07-16,3499291,67717,137419,953,1114132,50369808,331002647,15.413,151.089,10.79,19.1,24.6,2.77,78.86
USA,North America,United States,2020-07-17,3576221,76930,138358,939,1017210,51387018,331002647,15.413,151.089,10.79,19.1,24.6,2.77,78.86
USA,North America,United States,2020-07-18,3647715,71494,139266,908,867821,52254839,331002647,15.413,151.089,10.79,19.1,24.6,2.77,78.86
USA,North America,United States,2020-07-19,3711464,63749,140119,853,609628,52864467,331002647,15.413,151.089,10.79,19.1,24.6,2.77,78.86
USA,North America,United States,2020-07-20,3773260,61796,140534,415,751908,53616375,331002647,15.413,151.089,10.79,19.1,24.6,2.77,78.86
USA,North America,United States,2020-07-21,3830010,56750,140906,372,1242680,54859055,331002647,15.413,151.089,10.79,19.1,24.6,2.77,78.86
USA,North America,United States,2020-07-22,3902058,72048,142066,1160,1060624,55919679,331002647,15.413,151.089,10.79,19.1,24.6,2.77,78.86
USA,North America,United States,2020-07-23,3970906,68848,143190,1124,1046087,56965766,331002647,15.413,151.089,10.79,19.1,24.6,2.77,78.86
USA,North America,United States,2020-07-24,4034102,63196,144242,1052,904008,57869774,331002647,15.413,151.089,10.79,19.1,24.6,2.77,78.86
USA,North America,United States,2020-07-25,4112529,78427,145546,1304,940757,58810531,331002647,15.413,151.089,10.79,19.1,24.6,2.77,78.86
USA,North America,United States,2020-07-26,4178027,65498,146460,914,645398,59455929,331002647,15.413,151.089,10.79,19.1,24.6,2.77,78.86
USA,North America,United States,2020-07-27,4234020,55993,146935,475,731490,60187419,331002647,15.413,151.089,10.79,19.1,24.6,2.77,78.86
USA,North America,United States,2020-07-28,4290263,56243,148011,1076,877115,61064534,331002647,15.413,151.089,10.79,19.1,24.6,2.77,78.86
USA,North America,United States,2020-07-29,4351997,61734,149256,1245,867330,61931864,331002647,15.413,151.089,10.79,19.1,24.6,2.77,78.86
USA,North America,United States,2020-07-30,4426982,74985,150713,1457,1005285,62937149,331002647,15.413,151.089,10.79,19.1,24.6,2.77,78.86
USA,North America,United States,2020-07-31,4495014,68032,152070,1357,973922,63911071,331002647,15.413,151.089,10.79,19.1,24.6,2.77,78.86
USA,North America,United States,2020-08-01,4562037,67023,153314,1244,776829,64687900,331002647,15.413,151.089,10.79,19.1,24.6,2.77,78.86
USA,North America,United States,2020-08-02,4620444,58407,154447,1133,586708,65274608,331002647,15.413,151.089,10.79,19.1,24.6,2.77,78.86
USA,North America,United States,2020-08-03,4667955,47511,154860,413,692774,65967382,331002647,15.413,151.089,10.79,19.1,24.6,2.77,78.86
USA,North America,United States,2020-08-04,4713562,45607,155403,543,788065,66755447,331002647,15.413,151.089,10.79,19.1,24.6,2.77,78.86
USA,North America,United States,2020-08-05,4771087,57525,156806,1403,888738,67644185,331002647,15.413,151.089,10.79,19.1,24.6,2.77,78.86
USA,North America,United States,2020-08-06,4823891,52804,158256,1450,911508,68555693,331002647,15.413,151.089,10.79,19.1,24.6,2.77,78.86
USA,North America,United States,2020-08-07,4883646,59755,160104,1848,919038,69474731,331002647,15.413,151.089,10.79,19.1,24.6,2.77,78.86
USA,North America,United States,2020-08-08,4941796,58150,161356,1252,826705,70301436,331002647,15.413,151.089,10.79,19.1,24.6,2.77,78.86
USA,North America,United States,2020-08-09,4998017,56221,162425,1069,720839,71022275,331002647,15.413,151.089,10.79,19.1,24.6,2.77,78.86
USA,North America,United States,2020-08-10,5044864,46847,162938,513,795934,71818209,331002647,15.413,151.089,10.79,19.1,24.6,2.77,78.86
USA,North America,United States,2020-08-11,5094394,49530,163461,523,966952,72785161,331002647,15.413,151.089,10.79,19.1,24.6,2.77,78.86
USA,North America,United States,2020-08-12,5141207,46813,164537,1076,967309,73752470,331002647,15.413,151.089,10.79,19.1,24.6,2.77,78.86
USA,North America,United States,2020-08-13,5197148,55941,166027,1490,1051510,74803980,331002647,15.413,151.089,10.79,19.1,24.6,2.77,78.86
USA,North America,United States,2020-08-14,5248242,51094,167110,1083,986332,75790312,331002647,15.413,151.089,10.79,19.1,24.6,2.77,78.86
USA,North America,United States,2020-08-15,5313080,64838,168446,1336,848497,76638809,331002647,15.413,151.089,10.79,19.1,24.6,2.77,78.86
USA,North America,United States,2020-08-16,5361165,48085,169481,1035,627483,77266292,331002647,15.413,151.089,10.79,19.1,24.6,2.77,78.86
USA,North America,United States,2020-08-17,5403269,42104,170052,571,674843,77941135,331002647,15.413,151.089,10.79,19.1,24.6,2.77,78.86
USA,North America,United States,2020-08-18,5438325,35056,170497,445,860532,78801667,331002647,15.413,151.089,10.79,19.1,24.6,2.77,78.86
USA,North America,United States,2020-08-19,5482416,44091,171821,1324,966959,79768626,331002647,15.413,151.089,10.79,19.1,24.6,2.77,78.86
USA,North America,United States,2020-08-20,5529842,47426,173177,1356,974666,80743292,331002647,15.413,151.089,10.79,19.1,24.6,2.77,78.86
USA,North America,United States,2020-08-21,5573847,44005,174255,1078,942961,81686253,331002647,15.413,151.089,10.79,19.1,24.6,2.77,78.86
USA,North America,United States,2020-08-22,5623727,49880,175406,1151,788781,82475034,331002647,15.413,151.089,10.79,19.1,24.6,2.77,78.86
USA,North America,United States,2020-08-23,5668105,44378,176362,956,615828,83090862,331002647,15.413,151.089,10.79,19.1,24.6,2.77,78.86
USA,North America,United States,2020-08-24,5702611,34506,176806,444,651148,83742010,331002647,15.413,151.089,10.79,19.1,24.6,2.77,78.86
USA,North America,United States,2020-08-25,5740909,38298,177279,473,882706,84624716,331002647,15.413,151.089,10.79,19.1,24.6,2.77,78.86
USA,North America,United States,2020-08-26,5779028,38119,178486,1207,935465,85560181,331002647,15.413,151.089,10.79,19.1,24.6,2.77,78.86
USA,North America,United States,2020-08-27,5821876,42848,179714,1228,857613,86417794,331002647,15.413,151.089,10.79,19.1,24.6,2.77,78.86
USA,North America,United States,2020-08-28,5867785,45909,180824,1110,1132047,87549841,331002647,15.413,151.089,10.79,19.1,24.6,2.77,78.86
USA,North America,United States,2020-08-29,5917439,49654,181773,949,861778,88411619,331002647,15.413,151.089,10.79,19.1,24.6,2.77,78.86
USA,North America,United States,2020-08-30,5961582,44143,182779,1006,617771,89029390,331002647,15.413,151.089,10.79,19.1,24.6,2.77,78.86
USA,North America,United States,2020-08-31,5997163,35581,183069,290,696400,89725790,331002647,15.413,151.089,10.79,19.1,24.6,2.77,78.86
USA,North America,United States,2020-09-01,6031013,33850,183598,529,865783,90591573,331002647,15.413,151.089,10.79,19.1,24.6,2.77,78.86
USA,North America,United States,2020-09-02,6075652,44639,184689,1091,974326,91565899,331002647,15.413,151.089,10.79,19.1,24.6,2.77,78.86
USA,North America,United States,2020-09-03,6114406,38754,185744,1055,996127,92562026,331002647,15.413,151.089,10.79,19.1,24.6,2.77,78.86
USA,North America,United States,2020-09-04,6150655,36249,186797,1053,1032088,93594114,331002647,15.413,151.089,10.79,19.1,24.6,2.77,78.86
USA,North America,United States,2020-09-05,6201726,51071,187765,968,855482,94449596,331002647,15.413,151.089,10.79,19.1,24.6,2.77,78.86
USA,North America,United States,2020-09-06,6245866,44140,188538,773,599798,95049394,331002647,15.413,151.089,10.79,19.1,24.6,2.77,78.86
USA,North America,United States,2020-09-07,6276421,30555,188941,403,446208,95495602,331002647,15.413,151.089,10.79,19.1,24.6,2.77,78.86
USA,North America,United States,2020-09-08,6300671,24250,189208,267,609057,96104659,331002647,15.413,151.089,10.79,19.1,24.6,2.77,78.86
USA,North America,United States,2020-09-09,6327793,27122,189679,471,841395,96946054,331002647,15.413,151.089,10.79,19.1,24.6,2.77,78.86
USA,North America,United States,2020-09-10,6359720,31927,190815,1136,964647,97910701,331002647,15.413,151.089,10.79,19.1,24.6,2.77,78.86
USA,North America,United States,2020-09-11,6397227,37507,191789,974,1018470,98929171,331002647,15.413,151.089,10.79,19.1,24.6,2.77,78.86
USA,North America,United States,2020-09-12,6445288,48061,193016,1227,849669,99778840,331002647,15.413,151.089,10.79,19.1,24.6,2.77,78.86
USA,North America,United States,2020-09-13,6486108,40820,193701,685,661260,100440100,331002647,15.413,151.089,10.79,19.1,24.6,2.77,78.86
USA,North America,United States,2020-09-14,6519979,33871,194079,378,686749,101126849,331002647,15.413,151.089,10.79,19.1,24.6,2.77,78.86
USA,North America,United States,2020-09-15,6554820,34841,194530,451,920156,102047005,331002647,15.413,151.089,10.79,19.1,24.6,2.77,78.86
USA,North America,United States,2020-09-16,6606293,51473,195937,1407,1011508,103058513,331002647,15.413,151.089,10.79,19.1,24.6,2.77,78.86
USA,North America,United States,2020-09-17,6630891,24598,196802,865,1111832,104170345,331002647,15.413,151.089,10.79,19.1,24.6,2.77,78.86
USA,North America,United States,2020-09-18,6674458,43567,197633,831,1178971,105349316,331002647,15.413,151.089,10.79,19.1,24.6,2.77,78.86
USA,North America,United States,2020-09-19,6724667,50209,198589,956,905239,106254555,331002647,15.413,151.089,10.79,19.1,24.6,2.77,78.86
USA,North America,United States,2020-09-20,6764962,40295,199258,669,656333,106910888,331002647,15.413,151.089,10.79,19.1,24.6,2.77,78.86
USA,North America,United States,2020-09-21,6804814,39852,199509,251,688450,107599338,331002647,15.413,151.089,10.79,19.1,24.6,2.77,78.86
USA,North America,United States,2020-09-22,6857967,53153,199881,372,893898,108493236,331002647,15.413,151.089,10.79,19.1,24.6,2.77,78.86
USA,North America,United States,2020-09-23,6896274,38307,200807,926,950903,109444139,331002647,15.413,151.089,10.79,19.1,24.6,2.77,78.86
USA,North America,United States,2020-09-24,6934204,37930,201909,1102,667147,110111286,331002647,15.413,151.089,10.79,19.1,24.6,2.77,78.86
USA,North America,United States,2020-09-25,6978417,44213,202810,901,338569,110449855,331002647,15.413,151.089,10.79,19.1,24.6,2.77,78.86
USA,North America,United States,2020-09-26,7033430,55013,203774,964,NA,NA,331002647,15.413,151.089,10.79,19.1,24.6,2.77,78.86
USA,North America,United States,2020-09-27,7078798,45368,204497,723,NA,NA,331002647,15.413,151.089,10.79,19.1,24.6,2.77,78.86
USA,North America,United States,2020-09-28,7115046,36248,204756,259,NA,NA,331002647,15.413,151.089,10.79,19.1,24.6,2.77,78.86
USA,North America,United States,2020-09-29,7148044,32998,205070,314,NA,NA,331002647,15.413,151.089,10.79,19.1,24.6,2.77,78.86