iso_code,continent,location,date,total_cases,new_cases,total_deaths,new_deaths,new_tests,total_tests,population,aged_65_older,cardiovasc_death_rate,diabetes_prevalence,female_smokers,male_smokers,hospital_beds_per_thousand,life_expectancy
GRC,Europe,Greece,2020-01-01,0,0,0,0,NA,NA,10423056,20.396,175.695,4.55,35.3,52,4.21,82.24
GRC,Europe,Greece,2020-01-02,0,0,0,0,NA,NA,10423056,20.396,175.695,4.55,35.3,52,4.21,82.24
GRC,Europe,Greece,2020-01-03,0,0,0,0,NA,NA,10423056,20.396,175.695,4.55,35.3,52,4.21,82.24
GRC,Europe,Greece,2020-01-04,0,0,0,0,NA,NA,10423056,20.396,175.695,4.55,35.3,52,4.21,82.24
GRC,Europe,Greece,2020-01-05,0,0,0,0,NA,NA,10423056,20.396,175.695,4.55,35.3,52,4.21,82.24
GRC,Europe,Greece,2020-01-06,0,0,0,0,NA,NA,10423056,20.396,175.695,4.55,35.3,52,4.21,82.24
GRC,Europe,Greece,2020-01-07,0,0,0,0,NA,NA,10423056,20.396,175.695,4.55,35.3,52,4.21,82.24
GRC,Europe,Greece,2020-01-08,0,0,0,0,NA,NA,10423056,20.396,175.695,4.55,35.3,52,4.21,82.24
GRC,Europe,Greece,2020-01-09,0,0,0,0,NA,NA,10423056,20.396,175.695,4.55,35.3,52,4.21,82.24
GRC,Europe,Greece,2020-01-10,0,0,0,0,NA,NA,10423056,20.396,175.695,4.55,35.3,52,4.21,82.24
GRC,Europe,Greece,2020-01-11,0,0,0,0,NA,NA,10423056,20.396,175.695,4.55,35.3,52,4.21,82.24
GRC,Europe,Greece,2020-01-12,0,0,0,0,NA,NA,10423056,20.396,175.695,4.55,35.3,52,4.21,82.24
GRC,Europe,Greece,2020-01-13,0,0,0,0,NA,NA,10423056,20.396,175.695,4.55,35.3,52,4.21,82.24
GRC,Europe,Greece,2020-01-14,0,0,0,0,NA,NA,10423056,20.396,175.695,4.55,35.3,52,4.21,82.24
GRC,Europe,Greece,2020-01-15,0,0,0,0,NA,NA,10423056,20.396,175.695,4.55,35.3,52,4.21,82.24
GRC,Europe,Greece,2020-01-16,0,0,0,0,NA,NA,10423056,20.396,175.695,4.55,35.3,52,4.21,82.24
GRC,Europe,Greece,2020-01-17,0,0,0,0,NA,NA,10423056,20.396,175.695,4.55,35.3,52,4.21,82.24
GRC,Europe,Greece,2020-01-18,0,0,0,0,NA,NA,10423056,20.396,175.695,4.55,35.3,52,4.21,82.24
GRC,Europe,Greece,2020-01-19,0,0,0,0,NA,NA,10423056,20.396,175.695,4.55,35.3,52,4.21,82.24
GRC,Europe,Greece,2020-01-20,0,0,0,0,NA,NA,10423056,20.396,175.695,4.55,35.3,52,4.21,82.24
GRC,Europe,Greece,2020-01-21,0,0,0,0,NA,NA,10423056,20.396,175.695,4.55,35.3,52,4.21,82.24
GRC,Europe,Greece,2020-01-22,0,0,0,0,NA,NA,10423056,20.396,175.695,4.55,35.3,52,4.21,82.24
GRC,Europe,Greece,2020-01-23,0,0,0,0,NA,NA,10423056,20.396,175.695,4.55,35.3,52,4.21,82.24
GRC,Europe,Greece,2020-01-24,0,0,0,0,NA,NA,10423056,20.396,175.695,4.55,35.3,52,4.21,82.24
GRC,Europe,Greece,2020-01-25,0,0,0,0,NA,NA,10423056,20.396,175.695,4.55,35.3,52,4.21,82.24
GRC,Europe,Greece,2020-01-26,0,0,0,0,NA,NA,10423056,20.396,175.695,4.55,35.3,52,4.21,82.24
GRC,Europe,Greece,2020-01-27,0,0,0,0,NA,NA,10423056,20.396,175.695,4.55,35.3,52,4.21,82.24
GRC,Europe,Greece,2020-01-28,0,0,0,0,NA,NA,10423056,20.396,175.695,4.55,35.3,52,4.21,82.24
GRC,Europe,Greece,2020-01-29,0,0,0,0,NA,NA,10423056,20.396,175.695,4.55,35.3,52,4.21,82.24
GRC,Europe,Greece,2020-01-30,0,0,0,0,NA,NA,10423056,20.396,175.695,4.55,35.3,52,4.21,82.24
GRC,Europe,Greece,2020-01-31,0,0,0,0,NA,NA,10423056,20.396,175.695,4.55,35.3,52,4.21,82.24
GRC,Europe,Greece,2020-02-01,0,0,0,0,NA,NA,10423056,20.396,175.695,4.55,35.3,52,4.21,82.24
GRC,Europe,Greece,2020-02-02,0,0,0,0,NA,NA,10423056,20.396,175.695,4.55,35.3,52,4.21,82.24
GRC,Europe,Greece,2020-02-03,0,0,0,0,NA,NA,10423056,20.396,175.695,4.55,35.3,52,4.21,82.24
GRC,Europe,Greece,2020-02-04,0,0,0,0,NA,NA,10423056,20.396,175.695,4.55,35.3,52,4.21,82.24
GRC,Europe,Greece,2020-02-05,0,0,0,0,NA,NA,10423056,20.396,175.695,4.55,35.3,52,4.21,82.24
GRC,Europe,Greece,2020-02-06,0,0,0,0,NA,NA,10423056,20.396,175.695,4.55,35.3,52,4.21,82.24
GRC,Europe,Greece,2020-02-07,0,0,0,0,NA,NA,10423056,20.396,175.695,4.55,35.3,52,4.21,82.24
GRC,Europe,Greece,2020-02-08,0,0,0,0,NA,NA,10423056,20.396,175.695,4.55,35.3,52,4.21,82.24
GRC,Europe,Greece,2020-02-09,0,0,0,0,NA,NA,10423056,20.396,175.695,4.55,35.3,52,4.21,82.24
GRC,Europe,Greece,2020-02-10,0,0,0,0,NA,NA,10423056,20.396,175.695,4.55,35.3,52,4.21,82.24
GRC,Europe,Greece,2020-02-11,0,0,0,0,NA,NA,10423056,20.396,175.695,4.55,35.3,52,4.21,82.24
GRC,Europe,Greece,2020-02-12,0,0,0,0,NA,NA,10423056,20.396,175.695,4.55,35.3,52,4.21,82.24
GRC,Europe,Greece,2020-02-13,0,0,0,0,NA,NA,10423056,20.396,175.695,4.55,35.3,52,4.21,82.24
GRC,Europe,Greece,2020-02-14,0,0,0,0,NA,NA,10423056,20.396,175.695,4.55,35.3,52,4.21,82.24
GRC,Europe,Greece,2020-02-15,0,0,0,0,NA,NA,10423056,20.396,175.695,4.55,35.3,52,4.21,82.24
GRC,Europe,Greece,2020-02-16,0,0,0,0,NA,NA,10423056,20.396,175.695,4.55,35.3,52,4.21,82.24
GRC,Europe,Greece,2020-02-17,0,0,0,0,NA,NA,10423056,20.396,175.695,4.55,35.3,52,4.21,82.24
GRC,Europe,Greece,2020-02-18,0,0,0,0,NA,NA,10423056,20.396,175.695,4.55,35.3,52,4.21,82.24
GRC,Europe,Greece,2020-02-19,0,0,0,0,NA,NA,10423056,20.396,175.695,4.55,35.3,52,4.21,82.24
GRC,Europe,Greece,2020-02-20,0,0,0,0,NA,NA,10423056,20.396,175.695,4.55,35.3,52,4.21,82.24
GRC,Europe,Greece,2020-02-21,0,0,0,0,NA,NA,10423056,20.396,175.695,4.55,35.3,52,4.21,82.24
GRC,Europe,Greece,2020-02-22,0,0,0,0,NA,NA,10423056,20.396,175.695,4.55,35.3,52,4.21,82.24
GRC,Europe,Greece,2020-02-23,0,0,0,0,NA,NA,10423056,20.396,175.695,4.55,35.3,52,4.21,82.24
GRC,Europe,Greece,2020-02-24,0,0,0,0,NA,NA,10423056,20.396,175.695,4.55,35.3,52,4.21,82.24
GRC,Europe,Greece,2020-02-25,0,0,0,0,NA,NA,10423056,20.396,175.695,4.55,35.3,52,4.21,82.24
GRC,Europe,Greece,2020-02-26,0,0,0,0,NA,NA,10423056,20.396,175.695,4.55,35.3,52,4.21,82.24
GRC,Europe,Greece,2020-02-27,1,1,0,0,NA,NA,10423056,20.396,175.695,4.55,35.3,52,4.21,82.24
GRC,Europe,Greece,2020-02-28,3,2,0,0,NA,NA,10423056,20.396,175.695,4.55,35.3,52,4.21,82.24
GRC,Europe,Greece,2020-02-29,4,1,0,0,NA,NA,10423056,20.396,175.695,4.55,35.3,52,4.21,82.24
GRC,Europe,Greece,2020-03-01,7,3,0,0,NA,NA,10423056,20.396,175.695,4.55,35.3,52,4.21,82.24
GRC,Europe,Greece,2020-03-02,7,0,0,0,NA,NA,10423056,20.396,175.695,4.55,35.3,52,4.21,82.24
GRC,Europe,Greece,2020-03-03,NA,NA,NA,NA,NA,570,10423056,20.396,175.695,4.55,35.3,52,4.21,82.24
GRC,Europe,Greece,2020-03-04,NA,NA,NA,NA,NA,NA,10423056,20.396,175.695,4.55,35.3,52,4.21,82.24
GRC,Europe,Greece,2020-03-05,10,3,0,0,NA,NA,10423056,20.396,175.695,4.55,35.3,52,4.21,82.24
GRC,Europe,Greece,2020-03-06,32,22,0,0,NA,NA,10423056,20.396,175.695,4.55,35.3,52,4.21,82.24
GRC,Europe,Greece,2020-03-07,45,13,0,0,NA,NA,10423056,20.396,175.695,4.55,35.3,52,4.21,82.24
GRC,Europe,Greece,2020-03-08,66,21,0,0,NA,NA,10423056,20.396,175.695,4.55,35.3,52,4.21,82.24
GRC,Europe,Greece,2020-03-09,73,7,0,0,NA,NA,10423056,20.396,175.695,4.55,35.3,52,4.21,82.24
GRC,Europe,Greece,2020-03-10,84,11,0,0,NA,NA,10423056,20.396,175.695,4.55,35.3,52,4.21,82.24
GRC,Europe,Greece,2020-03-11,90,6,0,0,NA,NA,10423056,20.396,175.695,4.55,35.3,52,4.21,82.24
GRC,Europe,Greece,2020-03-12,99,9,1,1,NA,2180,10423056,20.396,175.695,4.55,35.3,52,4.21,82.24
GRC,Europe,Greece,2020-03-13,133,34,1,0,520,2700,10423056,20.396,175.695,4.55,35.3,52,4.21,82.24
GRC,Europe,Greece,2020-03-14,190,57,1,0,700,3400,10423056,20.396,175.695,4.55,35.3,52,4.21,82.24
GRC,Europe,Greece,2020-03-15,228,38,3,2,600,4000,10423056,20.396,175.695,4.55,35.3,52,4.21,82.24
GRC,Europe,Greece,2020-03-16,331,103,4,1,320,4320,10423056,20.396,175.695,4.55,35.3,52,4.21,82.24
GRC,Europe,Greece,2020-03-17,352,21,4,0,NA,NA,10423056,20.396,175.695,4.55,35.3,52,4.21,82.24
GRC,Europe,Greece,2020-03-18,387,35,5,1,NA,6000,10423056,20.396,175.695,4.55,35.3,52,4.21,82.24
GRC,Europe,Greece,2020-03-19,418,31,5,0,NA,NA,10423056,20.396,175.695,4.55,35.3,52,4.21,82.24
GRC,Europe,Greece,2020-03-20,464,46,5,0,NA,7172,10423056,20.396,175.695,4.55,35.3,52,4.21,82.24
GRC,Europe,Greece,2020-03-21,495,31,8,3,658,7830,10423056,20.396,175.695,4.55,35.3,52,4.21,82.24
GRC,Europe,Greece,2020-03-22,530,35,13,5,176,8006,10423056,20.396,175.695,4.55,35.3,52,4.21,82.24
GRC,Europe,Greece,2020-03-23,624,94,15,2,638,8644,10423056,20.396,175.695,4.55,35.3,52,4.21,82.24
GRC,Europe,Greece,2020-03-24,695,71,17,2,427,9071,10423056,20.396,175.695,4.55,35.3,52,4.21,82.24
GRC,Europe,Greece,2020-03-25,743,48,20,3,1424,10495,10423056,20.396,175.695,4.55,35.3,52,4.21,82.24
GRC,Europe,Greece,2020-03-26,821,78,22,2,NA,NA,10423056,20.396,175.695,4.55,35.3,52,4.21,82.24
GRC,Europe,Greece,2020-03-27,892,71,26,4,NA,13477,10423056,20.396,175.695,4.55,35.3,52,4.21,82.24
GRC,Europe,Greece,2020-03-28,966,74,28,2,886,14363,10423056,20.396,175.695,4.55,35.3,52,4.21,82.24
GRC,Europe,Greece,2020-03-29,1061,95,32,4,788,15151,10423056,20.396,175.695,4.55,35.3,52,4.21,82.24
GRC,Europe,Greece,2020-03-30,1156,95,38,6,810,15961,10423056,20.396,175.695,4.55,35.3,52,4.21,82.24
GRC,Europe,Greece,2020-03-31,1212,56,43,5,771,16732,10423056,20.396,175.695,4.55,35.3,52,4.21,82.24
GRC,Europe,Greece,2020-04-01,1314,102,49,6,618,17350,10423056,20.396,175.695,4.55,35.3,52,4.21,82.24
GRC,Europe,Greece,2020-04-02,1375,61,50,1,1494,18844,10423056,20.396,175.695,4.55,35.3,52,4.21,82.24
GRC,Europe,Greece,2020-04-03,1514,139,53,3,3593,22437,10423056,20.396,175.695,4.55,35.3,52,4.21,82.24
GRC,Europe,Greece,2020-04-04,1613,99,59,6,896,23333,10423056,20.396,175.695,4.55,35.3,52,4.21,82.24
GRC,Europe,Greece,2020-04-05,1673,60,68,9,2120,25453,10423056,20.396,175.695,4.55,35.3,52,4.21,82.24
GRC,Europe,Greece,2020-04-06,1735,62,73,5,740,26193,10423056,20.396,175.695,4.55,35.3,52,4.21,82.24
GRC,Europe,Greece,2020-04-07,1755,20,79,6,2391,28584,10423056,20.396,175.695,4.55,35.3,52,4.21,82.24
GRC,Europe,Greece,2020-04-08,1832,77,81,2,3944,32528,10423056,20.396,175.695,4.55,35.3,52,4.21,82.24
GRC,Europe,Greece,2020-04-09,1884,52,83,2,1106,33634,10423056,20.396,175.695,4.55,35.3,52,4.21,82.24
GRC,Europe,Greece,2020-04-10,1955,71,86,3,1798,35432,10423056,20.396,175.695,4.55,35.3,52,4.21,82.24
GRC,Europe,Greece,2020-04-11,2011,56,90,4,1912,37344,10423056,20.396,175.695,4.55,35.3,52,4.21,82.24
GRC,Europe,Greece,2020-04-12,2081,70,93,3,4917,42261,10423056,20.396,175.695,4.55,35.3,52,4.21,82.24
GRC,Europe,Greece,2020-04-13,2114,33,98,5,1170,43431,10423056,20.396,175.695,4.55,35.3,52,4.21,82.24
GRC,Europe,Greece,2020-04-14,2145,31,99,1,NA,NA,10423056,20.396,175.695,4.55,35.3,52,4.21,82.24
GRC,Europe,Greece,2020-04-15,2170,25,101,2,NA,47389,10423056,20.396,175.695,4.55,35.3,52,4.21,82.24
GRC,Europe,Greece,2020-04-16,2192,22,102,1,2001,49390,10423056,20.396,175.695,4.55,35.3,52,4.21,82.24
GRC,Europe,Greece,2020-04-17,2207,15,105,3,2255,51645,10423056,20.396,175.695,4.55,35.3,52,4.21,82.24
GRC,Europe,Greece,2020-04-18,2207,0,105,0,1645,53290,10423056,20.396,175.695,4.55,35.3,52,4.21,82.24
GRC,Europe,Greece,2020-04-19,2207,0,105,0,NA,NA,10423056,20.396,175.695,4.55,35.3,52,4.21,82.24
GRC,Europe,Greece,2020-04-20,2235,28,110,5,NA,54344,10423056,20.396,175.695,4.55,35.3,52,4.21,82.24
GRC,Europe,Greece,2020-04-21,2245,10,116,6,1322,55666,10423056,20.396,175.695,4.55,35.3,52,4.21,82.24
GRC,Europe,Greece,2020-04-22,2401,156,121,5,1326,56992,10423056,20.396,175.695,4.55,35.3,52,4.21,82.24
GRC,Europe,Greece,2020-04-23,2408,7,121,0,2249,59241,10423056,20.396,175.695,4.55,35.3,52,4.21,82.24
GRC,Europe,Greece,2020-04-24,2463,55,125,4,2166,61407,10423056,20.396,175.695,4.55,35.3,52,4.21,82.24
GRC,Europe,Greece,2020-04-25,2490,27,130,5,1680,63087,10423056,20.396,175.695,4.55,35.3,52,4.21,82.24
GRC,Europe,Greece,2020-04-26,2506,16,130,0,1521,64608,10423056,20.396,175.695,4.55,35.3,52,4.21,82.24
GRC,Europe,Greece,2020-04-27,2506,0,130,0,1486,66094,10423056,20.396,175.695,4.55,35.3,52,4.21,82.24
GRC,Europe,Greece,2020-04-28,2534,28,136,6,3739,69833,10423056,20.396,175.695,4.55,35.3,52,4.21,82.24
GRC,Europe,Greece,2020-04-29,2534,0,136,0,2297,72130,10423056,20.396,175.695,4.55,35.3,52,4.21,82.24
GRC,Europe,Greece,2020-04-30,2576,42,139,3,3040,75170,10423056,20.396,175.695,4.55,35.3,52,4.21,82.24
GRC,Europe,Greece,2020-05-01,2591,15,140,1,2081,77251,10423056,20.396,175.695,4.55,35.3,52,4.21,82.24
GRC,Europe,Greece,2020-05-02,2591,0,140,0,956,78207,10423056,20.396,175.695,4.55,35.3,52,4.21,82.24
GRC,Europe,Greece,2020-05-03,2620,29,143,3,1125,79332,10423056,20.396,175.695,4.55,35.3,52,4.21,82.24
GRC,Europe,Greece,2020-05-04,2626,6,144,1,1619,80951,10423056,20.396,175.695,4.55,35.3,52,4.21,82.24
GRC,Europe,Greece,2020-05-05,2632,6,146,2,2799,83750,10423056,20.396,175.695,4.55,35.3,52,4.21,82.24
GRC,Europe,Greece,2020-05-06,2642,10,146,0,3302,87052,10423056,20.396,175.695,4.55,35.3,52,4.21,82.24
GRC,Europe,Greece,2020-05-07,2663,21,147,1,2991,90043,10423056,20.396,175.695,4.55,35.3,52,4.21,82.24
GRC,Europe,Greece,2020-05-08,2678,15,148,1,4248,94291,10423056,20.396,175.695,4.55,35.3,52,4.21,82.24
GRC,Europe,Greece,2020-05-09,2691,13,150,2,3093,97384,10423056,20.396,175.695,4.55,35.3,52,4.21,82.24
GRC,Europe,Greece,2020-05-10,2710,19,151,1,1493,98877,10423056,20.396,175.695,4.55,35.3,52,4.21,82.24
GRC,Europe,Greece,2020-05-11,2716,6,151,0,486,99363,10423056,20.396,175.695,4.55,35.3,52,4.21,82.24
GRC,Europe,Greece,2020-05-12,2726,10,151,0,6691,106054,10423056,20.396,175.695,4.55,35.3,52,4.21,82.24
GRC,Europe,Greece,2020-05-13,2744,18,152,1,5988,112042,10423056,20.396,175.695,4.55,35.3,52,4.21,82.24
GRC,Europe,Greece,2020-05-14,2760,16,155,3,4191,116233,10423056,20.396,175.695,4.55,35.3,52,4.21,82.24
GRC,Europe,Greece,2020-05-15,2770,10,156,1,3782,120015,10423056,20.396,175.695,4.55,35.3,52,4.21,82.24
GRC,Europe,Greece,2020-05-16,2810,40,160,4,6268,126283,10423056,20.396,175.695,4.55,35.3,52,4.21,82.24
GRC,Europe,Greece,2020-05-17,2819,9,162,2,2242,128525,10423056,20.396,175.695,4.55,35.3,52,4.21,82.24
GRC,Europe,Greece,2020-05-18,2834,15,163,1,3159,131684,10423056,20.396,175.695,4.55,35.3,52,4.21,82.24
GRC,Europe,Greece,2020-05-19,2836,2,165,2,4317,136001,10423056,20.396,175.695,4.55,35.3,52,4.21,82.24
GRC,Europe,Greece,2020-05-20,2840,4,165,0,3444,139445,10423056,20.396,175.695,4.55,35.3,52,4.21,82.24
GRC,Europe,Greece,2020-05-21,2850,10,166,1,4633,144078,10423056,20.396,175.695,4.55,35.3,52,4.21,82.24
GRC,Europe,Greece,2020-05-22,2853,3,168,2,3880,147958,10423056,20.396,175.695,4.55,35.3,52,4.21,82.24
GRC,Europe,Greece,2020-05-23,2873,20,169,1,5040,152998,10423056,20.396,175.695,4.55,35.3,52,4.21,82.24
GRC,Europe,Greece,2020-05-24,2876,3,171,2,965,153963,10423056,20.396,175.695,4.55,35.3,52,4.21,82.24
GRC,Europe,Greece,2020-05-25,2878,2,171,0,1074,155037,10423056,20.396,175.695,4.55,35.3,52,4.21,82.24
GRC,Europe,Greece,2020-05-26,2882,4,172,1,5954,160991,10423056,20.396,175.695,4.55,35.3,52,4.21,82.24
GRC,Europe,Greece,2020-05-27,2892,10,173,1,5254,166245,10423056,20.396,175.695,4.55,35.3,52,4.21,82.24
GRC,Europe,Greece,2020-05-28,2903,11,173,0,4222,170467,10423056,20.396,175.695,4.55,35.3,52,4.21,82.24
GRC,Europe,Greece,2020-05-29,2906,3,175,2,4377,174844,10423056,20.396,175.695,4.55,35.3,52,4.21,82.24
GRC,Europe,Greece,2020-05-30,2909,3,175,0,3472,178316,10423056,20.396,175.695,4.55,35.3,52,4.21,82.24
GRC,Europe,Greece,2020-05-31,2915,6,175,0,2202,180518,10423056,20.396,175.695,4.55,35.3,52,4.21,82.24
GRC,Europe,Greece,2020-06-01,2917,2,175,0,1905,182423,10423056,20.396,175.695,4.55,35.3,52,4.21,82.24
GRC,Europe,Greece,2020-06-02,2918,1,179,4,3167,185590,10423056,20.396,175.695,4.55,35.3,52,4.21,82.24
GRC,Europe,Greece,2020-06-03,2937,19,179,0,NA,NA,10423056,20.396,175.695,4.55,35.3,52,4.21,82.24
GRC,Europe,Greece,2020-06-04,2937,0,179,0,NA,193929,10423056,20.396,175.695,4.55,35.3,52,4.21,82.24
GRC,Europe,Greece,2020-06-05,2952,15,180,1,NA,NA,10423056,20.396,175.695,4.55,35.3,52,4.21,82.24
GRC,Europe,Greece,2020-06-06,2967,15,180,0,NA,NA,10423056,20.396,175.695,4.55,35.3,52,4.21,82.24
GRC,Europe,Greece,2020-06-07,2980,13,180,0,NA,NA,10423056,20.396,175.695,4.55,35.3,52,4.21,82.24
GRC,Europe,Greece,2020-06-08,2997,17,180,0,NA,229519,10423056,20.396,175.695,4.55,35.3,52,4.21,82.24
GRC,Europe,Greece,2020-06-09,3049,52,182,2,2240,231759,10423056,20.396,175.695,4.55,35.3,52,4.21,82.24
GRC,Europe,Greece,2020-06-10,3058,9,183,1,NA,NA,10423056,20.396,175.695,4.55,35.3,52,4.21,82.24
GRC,Europe,Greece,2020-06-11,3068,10,183,0,NA,237276,10423056,20.396,175.695,4.55,35.3,52,4.21,82.24
GRC,Europe,Greece,2020-06-12,3088,20,183,0,6591,243867,10423056,20.396,175.695,4.55,35.3,52,4.21,82.24
GRC,Europe,Greece,2020-06-13,3108,20,183,0,3585,247452,10423056,20.396,175.695,4.55,35.3,52,4.21,82.24
GRC,Europe,Greece,2020-06-14,3112,4,183,0,3471,250923,10423056,20.396,175.695,4.55,35.3,52,4.21,82.24
GRC,Europe,Greece,2020-06-15,3121,9,183,0,3931,254854,10423056,20.396,175.695,4.55,35.3,52,4.21,82.24
GRC,Europe,Greece,2020-06-16,3134,13,184,1,4882,259736,10423056,20.396,175.695,4.55,35.3,52,4.21,82.24
GRC,Europe,Greece,2020-06-17,3148,14,185,1,5194,264930,10423056,20.396,175.695,4.55,35.3,52,4.21,82.24
GRC,Europe,Greece,2020-06-18,3203,55,187,2,5408,270338,10423056,20.396,175.695,4.55,35.3,52,4.21,82.24
GRC,Europe,Greece,2020-06-19,3227,24,188,1,4373,274711,10423056,20.396,175.695,4.55,35.3,52,4.21,82.24
GRC,Europe,Greece,2020-06-20,3237,10,189,1,4184,278895,10423056,20.396,175.695,4.55,35.3,52,4.21,82.24
GRC,Europe,Greece,2020-06-21,3256,19,190,1,4251,283146,10423056,20.396,175.695,4.55,35.3,52,4.21,82.24
GRC,Europe,Greece,2020-06-22,3266,10,190,0,2843,285989,10423056,20.396,175.695,4.55,35.3,52,4.21,82.24
GRC,Europe,Greece,2020-06-23,3287,21,190,0,5198,291187,10423056,20.396,175.695,4.55,35.3,52,4.21,82.24
GRC,Europe,Greece,2020-06-24,3302,15,190,0,NA,NA,10423056,20.396,175.695,4.55,35.3,52,4.21,82.24
GRC,Europe,Greece,2020-06-25,3310,8,190,0,NA,291840,10423056,20.396,175.695,4.55,35.3,52,4.21,82.24
GRC,Europe,Greece,2020-06-26,3321,11,191,1,4011,295851,10423056,20.396,175.695,4.55,35.3,52,4.21,82.24
GRC,Europe,Greece,2020-06-27,3343,22,191,0,5293,301144,10423056,20.396,175.695,4.55,35.3,52,4.21,82.24
GRC,Europe,Greece,2020-06-28,3366,23,191,0,3993,305137,10423056,20.396,175.695,4.55,35.3,52,4.21,82.24
GRC,Europe,Greece,2020-06-29,3376,10,191,0,3255,308392,10423056,20.396,175.695,4.55,35.3,52,4.21,82.24
GRC,Europe,Greece,2020-06-30,3390,14,191,0,4383,312775,10423056,20.396,175.695,4.55,35.3,52,4.21,82.24
GRC,Europe,Greece,2020-07-01,3409,19,192,1,3207,315982,10423056,20.396,175.695,4.55,35.3,52,4.21,82.24
GRC,Europe,Greece,2020-07-02,3432,23,192,0,4445,320427,10423056,20.396,175.695,4.55,35.3,52,4.21,82.24
GRC,Europe,Greece,2020-07-03,3458,26,192,0,5024,325451,10423056,20.396,175.695,4.55,35.3,52,4.21,82.24
GRC,Europe,Greece,2020-07-04,3486,28,192,0,6252,331703,10423056,20.396,175.695,4.55,35.3,52,4.21,82.24
GRC,Europe,Greece,2020-07-05,3511,25,192,0,5451,337154,10423056,20.396,175.695,4.55,35.3,52,4.21,82.24
GRC,Europe,Greece,2020-07-06,3519,8,192,0,3174,340328,10423056,20.396,175.695,4.55,35.3,52,4.21,82.24
GRC,Europe,Greece,2020-07-07,3562,43,192,0,8756,349084,10423056,20.396,175.695,4.55,35.3,52,4.21,82.24
GRC,Europe,Greece,2020-07-08,3589,27,193,1,6106,355190,10423056,20.396,175.695,4.55,35.3,52,4.21,82.24
GRC,Europe,Greece,2020-07-09,3622,33,193,0,3535,358725,10423056,20.396,175.695,4.55,35.3,52,4.21,82.24
GRC,Europe,Greece,2020-07-10,3672,50,193,0,4687,363412,10423056,20.396,175.695,4.55,35.3,52,4.21,82.24
GRC,Europe,Greece,2020-07-11,3732,60,193,0,7755,371167,10423056,20.396,175.695,4.55,35.3,52,4.21,82.24
GRC,Europe,Greece,2020-07-12,3772,40,193,0,2765,373932,10423056,20.396,175.695,4.55,35.3,52,4.21,82.24
GRC,Europe,Greece,2020-07-13,3803,31,193,0,8520,382452,10423056,20.396,175.695,4.55,35.3,52,4.21,82.24
GRC,Europe,Greece,2020-07-14,3826,23,193,0,3855,386307,10423056,20.396,175.695,4.55,35.3,52,4.21,82.24
GRC,Europe,Greece,2020-07-15,3883,57,193,0,5466,391773,10423056,20.396,175.695,4.55,35.3,52,4.21,82.24
GRC,Europe,Greece,2020-07-16,3910,27,193,0,6574,398347,10423056,20.396,175.695,4.55,35.3,52,4.21,82.24
GRC,Europe,Greece,2020-07-17,3939,29,193,0,4325,402672,10423056,20.396,175.695,4.55,35.3,52,4.21,82.24
GRC,Europe,Greece,2020-07-18,3964,25,194,1,3368,406040,10423056,20.396,175.695,4.55,35.3,52,4.21,82.24
GRC,Europe,Greece,2020-07-19,3983,19,194,0,4726,410766,10423056,20.396,175.695,4.55,35.3,52,4.21,82.24
GRC,Europe,Greece,2020-07-20,4007,24,194,0,2994,413760,10423056,20.396,175.695,4.55,35.3,52,4.21,82.24
GRC,Europe,Greece,2020-07-21,4012,5,195,1,6146,419906,10423056,20.396,175.695,4.55,35.3,52,4.21,82.24
GRC,Europe,Greece,2020-07-22,4048,36,197,2,4769,424675,10423056,20.396,175.695,4.55,35.3,52,4.21,82.24
GRC,Europe,Greece,2020-07-23,4077,29,200,3,6189,430864,10423056,20.396,175.695,4.55,35.3,52,4.21,82.24
GRC,Europe,Greece,2020-07-24,4110,33,201,1,5646,436510,10423056,20.396,175.695,4.55,35.3,52,4.21,82.24
GRC,Europe,Greece,2020-07-25,4135,25,201,0,NA,NA,10423056,20.396,175.695,4.55,35.3,52,4.21,82.24
GRC,Europe,Greece,2020-07-26,4166,31,201,0,NA,447685,10423056,20.396,175.695,4.55,35.3,52,4.21,82.24
GRC,Europe,Greece,2020-07-27,4193,27,202,1,3632,451317,10423056,20.396,175.695,4.55,35.3,52,4.21,82.24
GRC,Europe,Greece,2020-07-28,4227,34,202,0,6223,457540,10423056,20.396,175.695,4.55,35.3,52,4.21,82.24
GRC,Europe,Greece,2020-07-29,4279,52,203,1,53889,511429,10423056,20.396,175.695,4.55,35.3,52,4.21,82.24
GRC,Europe,Greece,2020-07-30,4336,57,203,0,8458,519887,10423056,20.396,175.695,4.55,35.3,52,4.21,82.24
GRC,Europe,Greece,2020-07-31,4401,65,203,0,NA,NA,10423056,20.396,175.695,4.55,35.3,52,4.21,82.24
GRC,Europe,Greece,2020-08-01,4477,76,206,3,NA,539493,10423056,20.396,175.695,4.55,35.3,52,4.21,82.24
GRC,Europe,Greece,2020-08-02,4587,110,206,0,5946,545439,10423056,20.396,175.695,4.55,35.3,52,4.21,82.24
GRC,Europe,Greece,2020-08-03,4662,75,208,2,19417,564856,10423056,20.396,175.695,4.55,35.3,52,4.21,82.24
GRC,Europe,Greece,2020-08-04,4737,75,209,1,34853,599709,10423056,20.396,175.695,4.55,35.3,52,4.21,82.24
GRC,Europe,Greece,2020-08-05,4855,118,209,0,9874,609583,10423056,20.396,175.695,4.55,35.3,52,4.21,82.24
GRC,Europe,Greece,2020-08-06,4973,118,210,1,9810,619393,10423056,20.396,175.695,4.55,35.3,52,4.21,82.24
GRC,Europe,Greece,2020-08-07,5123,150,210,0,11590,630983,10423056,20.396,175.695,4.55,35.3,52,4.21,82.24
GRC,Europe,Greece,2020-08-08,5270,147,210,0,9314,640297,10423056,20.396,175.695,4.55,35.3,52,4.21,82.24
GRC,Europe,Greece,2020-08-09,5421,151,211,1,10701,650998,10423056,20.396,175.695,4.55,35.3,52,4.21,82.24
GRC,Europe,Greece,2020-08-10,5623,202,212,1,7180,658178,10423056,20.396,175.695,4.55,35.3,52,4.21,82.24
GRC,Europe,Greece,2020-08-11,5749,126,213,1,10561,668739,10423056,20.396,175.695,4.55,35.3,52,4.21,82.24
GRC,Europe,Greece,2020-08-12,5942,193,214,1,11046,679785,10423056,20.396,175.695,4.55,35.3,52,4.21,82.24
GRC,Europe,Greece,2020-08-13,6177,235,216,2,7553,687338,10423056,20.396,175.695,4.55,35.3,52,4.21,82.24
GRC,Europe,Greece,2020-08-14,6381,204,221,5,17583,704921,10423056,20.396,175.695,4.55,35.3,52,4.21,82.24
GRC,Europe,Greece,2020-08-15,6632,251,223,2,10582,715503,10423056,20.396,175.695,4.55,35.3,52,4.21,82.24
GRC,Europe,Greece,2020-08-16,6858,226,226,3,3808,719311,10423056,20.396,175.695,4.55,35.3,52,4.21,82.24
GRC,Europe,Greece,2020-08-17,7075,217,228,2,7650,726961,10423056,20.396,175.695,4.55,35.3,52,4.21,82.24
GRC,Europe,Greece,2020-08-18,7222,147,230,2,13910,740871,10423056,20.396,175.695,4.55,35.3,52,4.21,82.24
GRC,Europe,Greece,2020-08-19,7472,250,232,2,63411,804282,10423056,20.396,175.695,4.55,35.3,52,4.21,82.24
GRC,Europe,Greece,2020-08-20,7684,212,235,3,12168,816450,10423056,20.396,175.695,4.55,35.3,52,4.21,82.24
GRC,Europe,Greece,2020-08-21,7934,250,235,0,NA,NA,10423056,20.396,175.695,4.55,35.3,52,4.21,82.24
GRC,Europe,Greece,2020-08-22,8138,204,238,3,NA,NA,10423056,20.396,175.695,4.55,35.3,52,4.21,82.24
GRC,Europe,Greece,2020-08-23,8381,243,240,2,NA,848380,10423056,20.396,175.695,4.55,35.3,52,4.21,82.24
GRC,Europe,Greece,2020-08-24,8664,283,242,2,9758,858138,10423056,20.396,175.695,4.55,35.3,52,4.21,82.24
GRC,Europe,Greece,2020-08-25,8819,155,242,0,14412,872550,10423056,20.396,175.695,4.55,35.3,52,4.21,82.24
GRC,Europe,Greece,2020-08-26,8987,168,243,1,NA,NA,10423056,20.396,175.695,4.55,35.3,52,4.21,82.24
GRC,Europe,Greece,2020-08-27,9280,293,248,5,NA,903432,10423056,20.396,175.695,4.55,35.3,52,4.21,82.24
GRC,Europe,Greece,2020-08-28,9531,251,254,6,13833,917265,10423056,20.396,175.695,4.55,35.3,52,4.21,82.24
GRC,Europe,Greece,2020-08-29,9800,269,259,5,13737,931002,10423056,20.396,175.695,4.55,35.3,52,4.21,82.24
GRC,Europe,Greece,2020-08-30,9977,177,260,1,9880,940882,10423056,20.396,175.695,4.55,35.3,52,4.21,82.24
GRC,Europe,Greece,2020-08-31,10134,157,262,2,8485,949367,10423056,20.396,175.695,4.55,35.3,52,4.21,82.24
GRC,Europe,Greece,2020-09-01,10317,183,266,4,16979,966346,10423056,20.396,175.695,4.55,35.3,52,4.21,82.24
GRC,Europe,Greece,2020-09-02,10524,207,271,5,14154,980500,10423056,20.396,175.695,4.55,35.3,52,4.21,82.24
GRC,Europe,Greece,2020-09-03,10757,233,273,2,12066,992566,10423056,20.396,175.695,4.55,35.3,52,4.21,82.24
GRC,Europe,Greece,2020-09-04,10998,241,278,5,10576,1003142,10423056,20.396,175.695,4.55,35.3,52,4.21,82.24
GRC,Europe,Greece,2020-09-05,11200,202,279,1,11922,1015064,10423056,20.396,175.695,4.55,35.3,52,4.21,82.24
GRC,Europe,Greece,2020-09-06,11386,186,280,1,NA,NA,10423056,20.396,175.695,4.55,35.3,52,4.21,82.24
GRC,Europe,Greece,2020-09-07,11524,138,284,4,NA,NA,10423056,20.396,175.695,4.55,35.3,52,4.21,82.24
GRC,Europe,Greece,2020-09-08,11663,139,289,5,NA,NA,10423056,20.396,175.695,4.55,35.3,52,4.21,82.24
GRC,Europe,Greece,2020-09-09,11832,169,290,1,NA,1066305,10423056,20.396,175.695,4.55,35.3,52,4.21,82.24
GRC,Europe,Greece,2020-09-10,12080,248,293,3,NA,NA,10423056,20.396,175.695,4.55,35.3,52,4.21,82.24
GRC,Europe,Greece,2020-09-11,12452,372,297,4,NA,1094354,10423056,20.396,175.695,4.55,35.3,52,4.21,82.24
GRC,Europe,Greece,2020-09-12,12734,282,300,3,NA,NA,10423056,20.396,175.695,4.55,35.3,52,4.21,82.24
GRC,Europe,Greece,2020-09-13,13036,302,302,2,NA,1125882,10423056,20.396,175.695,4.55,35.3,52,4.21,82.24
GRC,Europe,Greece,2020-09-14,13240,204,305,3,7145,1133027,10423056,20.396,175.695,4.55,35.3,52,4.21,82.24
GRC,Europe,Greece,2020-09-15,13420,180,310,5,NA,NA,10423056,20.396,175.695,4.55,35.3,52,4.21,82.24
GRC,Europe,Greece,2020-09-16,13730,310,313,3,NA,1157897,10423056,20.396,175.695,4.55,35.3,52,4.21,82.24
GRC,Europe,Greece,2020-09-17,14041,311,316,3,NA,NA,10423056,20.396,175.695,4.55,35.3,52,4.21,82.24
GRC,Europe,Greece,2020-09-18,14400,359,325,9,NA,1181712,10423056,20.396,175.695,4.55,35.3,52,4.21,82.24
GRC,Europe,Greece,2020-09-19,14738,338,327,2,12301,1194013,10423056,20.396,175.695,4.55,35.3,52,4.21,82.24
GRC,Europe,Greece,2020-09-20,14978,240,331,4,8200,1202213,10423056,20.396,175.695,4.55,35.3,52,4.21,82.24
GRC,Europe,Greece,2020-09-21,15142,164,338,7,7905,1210118,10423056,20.396,175.695,4.55,35.3,52,4.21,82.24
GRC,Europe,Greece,2020-09-22,15595,453,344,6,10899,1221017,10423056,20.396,175.695,4.55,35.3,52,4.21,82.24
GRC,Europe,Greece,2020-09-23,15928,333,352,8,12212,1233229,10423056,20.396,175.695,4.55,35.3,52,4.21,82.24
GRC,Europe,Greece,2020-09-24,16286,358,357,5,13134,1246363,10423056,20.396,175.695,4.55,35.3,52,4.21,82.24
GRC,Europe,Greece,2020-09-25,16627,341,366,9,10073,1256436,10423056,20.396,175.695,4.55,35.3,52,4.21,82.24
GRC,Europe,Greece,2020-09-26,16913,286,369,3,12619,1269055,10423056,20.396,175.695,4.55,35.3,52,4.21,82.24
GRC,Europe,Greece,2020-09-27,17228,315,376,7,9532,1278587,10423056,20.396,175.695,4.55,35.3,52,4.21,82.24
GRC,Europe,Greece,2020-09-28,17444,216,379,3,NA,NA,10423056,20.396,175.695,4.55,35.3,52,4.21,82.24
GRC,Europe,Greece,2020-09-29,17707,263,383,4,NA,NA,10423056,20.396,175.695,4.55,35.3,52,4.21,82.24
CHL,South America,Chile,2020-03-04,1,1,0,0,NA,NA,19116209,11.087,127.993,8.46,34.2,41.5,2.11,80.18
CHL,South America,Chile,2020-03-05,3,2,0,0,NA,NA,19116209,11.087,127.993,8.46,34.2,41.5,2.11,80.18
CHL,South America,Chile,2020-03-06,4,1,0,0,NA,NA,19116209,11.087,127.993,8.46,34.2,41.5,2.11,80.18
CHL,South America,Chile,2020-03-07,5,1,0,0,NA,NA,19116209,11.087,127.993,8.46,34.2,41.5,2.11,80.18
CHL,South America,Chile,2020-03-09,10,5,0,0,NA,NA,19116209,11.087,127.993,8.46,34.2,41.5,2.11,80.18
CHL,South America,Chile,2020-03-10,13,3,0,0,NA,NA,19116209,11.087,127.993,8.46,34.2,41.5,2.11,80.18
CHL,South America,Chile,2020-03-11,17,4,0,0,NA,NA,19116209,11.087,127.993,8.46,34.2,41.5,2.11,80.18
CHL,South America,Chile,2020-03-12,23,6,0,0,NA,NA,19116209,11.087,127.993,8.46,34.2,41.5,2.11,80.18
CHL,South America,Chile,2020-03-13,33,10,0,0,NA,NA,19116209,11.087,127.993,8.46,34.2,41.5,2.11,80.18
CHL,South America,Chile,2020-03-14,43,10,0,0,NA,NA,19116209,11.087,127.993,8.46,34.2,41.5,2.11,80.18
CHL,South America,Chile,2020-03-15,61,18,0,0,NA,NA,19116209,11.087,127.993,8.46,34.2,41.5,2.11,80.18
CHL,South America,Chile,2020-03-16,75,14,0,0,NA,NA,19116209,11.087,127.993,8.46,34.2,41.5,2.11,80.18
CHL,South America,Chile,2020-03-17,156,81,0,0,NA,NA,19116209,11.087,127.993,8.46,34.2,41.5,2.11,80.18
CHL,South America,Chile,2020-03-18,201,45,0,0,NA,NA,19116209,11.087,127.993,8.46,34.2,41.5,2.11,80.18
CHL,South America,Chile,2020-03-19,238,37,0,0,NA,NA,19116209,11.087,127.993,8.46,34.2,41.5,2.11,80.18
CHL,South America,Chile,2020-03-20,342,104,0,0,NA,NA,19116209,11.087,127.993,8.46,34.2,41.5,2.11,80.18
CHL,South America,Chile,2020-03-21,434,92,0,0,NA,NA,19116209,11.087,127.993,8.46,34.2,41.5,2.11,80.18
CHL,South America,Chile,2020-03-22,537,103,0,0,NA,NA,19116209,11.087,127.993,8.46,34.2,41.5,2.11,80.18
CHL,South America,Chile,2020-03-23,632,95,1,1,NA,NA,19116209,11.087,127.993,8.46,34.2,41.5,2.11,80.18
CHL,South America,Chile,2020-03-24,746,114,2,1,NA,NA,19116209,11.087,127.993,8.46,34.2,41.5,2.11,80.18
CHL,South America,Chile,2020-03-25,922,176,2,0,3290,3290,19116209,11.087,127.993,8.46,34.2,41.5,2.11,80.18
CHL,South America,Chile,2020-03-26,1142,220,3,1,4886,8176,19116209,11.087,127.993,8.46,34.2,41.5,2.11,80.18
CHL,South America,Chile,2020-03-27,1306,164,4,1,7387,15563,19116209,11.087,127.993,8.46,34.2,41.5,2.11,80.18
CHL,South America,Chile,2020-03-28,1610,304,5,1,3534,19097,19116209,11.087,127.993,8.46,34.2,41.5,2.11,80.18
CHL,South America,Chile,2020-03-29,1909,299,6,1,1777,20874,19116209,11.087,127.993,8.46,34.2,41.5,2.11,80.18
CHL,South America,Chile,2020-03-30,2139,230,7,1,3680,24554,19116209,11.087,127.993,8.46,34.2,41.5,2.11,80.18
CHL,South America,Chile,2020-03-31,2449,310,8,1,3046,27600,19116209,11.087,127.993,8.46,34.2,41.5,2.11,80.18
CHL,South America,Chile,2020-04-01,2738,289,12,4,2898,30498,19116209,11.087,127.993,8.46,34.2,41.5,2.11,80.18
CHL,South America,Chile,2020-04-02,3031,293,16,4,2685,33183,19116209,11.087,127.993,8.46,34.2,41.5,2.11,80.18
CHL,South America,Chile,2020-04-03,3404,373,18,2,3405,36588,19116209,11.087,127.993,8.46,34.2,41.5,2.11,80.18
CHL,South America,Chile,2020-04-04,3737,333,22,4,4483,41071,19116209,11.087,127.993,8.46,34.2,41.5,2.11,80.18
CHL,South America,Chile,2020-04-05,4161,424,27,5,3343,44414,19116209,11.087,127.993,8.46,34.2,41.5,2.11,80.18
CHL,South America,Chile,2020-04-06,4471,310,34,7,2908,47322,19116209,11.087,127.993,8.46,34.2,41.5,2.11,80.18
CHL,South America,Chile,2020-04-07,4815,344,37,3,2258,49580,19116209,11.087,127.993,8.46,34.2,41.5,2.11,80.18
CHL,South America,Chile,2020-04-08,5116,301,43,6,3269,52849,19116209,11.087,127.993,8.46,34.2,41.5,2.11,80.18
CHL,South America,Chile,2020-04-09,5546,430,48,5,7962,60811,19116209,11.087,127.993,8.46,34.2,41.5,2.11,80.18
CHL,South America,Chile,2020-04-10,5972,426,57,9,4444,65255,19116209,11.087,127.993,8.46,34.2,41.5,2.11,80.18
CHL,South America,Chile,2020-04-11,6501,529,65,8,3577,68832,19116209,11.087,127.993,8.46,34.2,41.5,2.11,80.18
CHL,South America,Chile,2020-04-12,6927,426,73,8,5897,74729,19116209,11.087,127.993,8.46,34.2,41.5,2.11,80.18
CHL,South America,Chile,2020-04-13,7213,286,80,7,2764,77493,19116209,11.087,127.993,8.46,34.2,41.5,2.11,80.18
CHL,South America,Chile,2020-04-14,7525,312,82,2,2759,80252,19116209,11.087,127.993,8.46,34.2,41.5,2.11,80.18
CHL,South America,Chile,2020-04-15,7917,392,92,10,4079,84331,19116209,11.087,127.993,8.46,34.2,41.5,2.11,80.18
CHL,South America,Chile,2020-04-16,8273,356,94,2,6551,90882,19116209,11.087,127.993,8.46,34.2,41.5,2.11,80.18
CHL,South America,Chile,2020-04-17,8807,534,105,11,5449,96331,19116209,11.087,127.993,8.46,34.2,41.5,2.11,80.18
CHL,South America,Chile,2020-04-18,9252,445,116,11,5018,101349,19116209,11.087,127.993,8.46,34.2,41.5,2.11,80.18
CHL,South America,Chile,2020-04-19,9730,478,126,10,4758,106107,19116209,11.087,127.993,8.46,34.2,41.5,2.11,80.18
CHL,South America,Chile,2020-04-20,10088,358,133,7,5178,111285,19116209,11.087,127.993,8.46,34.2,41.5,2.11,80.18
CHL,South America,Chile,2020-04-21,10507,419,139,6,3530,114815,19116209,11.087,127.993,8.46,34.2,41.5,2.11,80.18
CHL,South America,Chile,2020-04-22,10832,325,147,8,6365,121180,19116209,11.087,127.993,8.46,34.2,41.5,2.11,80.18
CHL,South America,Chile,2020-04-23,11296,464,160,13,6425,127605,19116209,11.087,127.993,8.46,34.2,41.5,2.11,80.18
CHL,South America,Chile,2020-04-24,11812,516,168,8,7120,134725,19116209,11.087,127.993,8.46,34.2,41.5,2.11,80.18
CHL,South America,Chile,2020-04-25,12306,494,174,6,6945,141670,19116209,11.087,127.993,8.46,34.2,41.5,2.11,80.18
CHL,South America,Chile,2020-04-26,12858,552,181,7,6763,148433,19116209,11.087,127.993,8.46,34.2,41.5,2.11,80.18
CHL,South America,Chile,2020-04-27,13331,473,189,8,5260,153693,19116209,11.087,127.993,8.46,34.2,41.5,2.11,80.18
CHL,South America,Chile,2020-04-28,13813,482,198,9,4930,158623,19116209,11.087,127.993,8.46,34.2,41.5,2.11,80.18
CHL,South America,Chile,2020-04-29,14365,552,207,9,6454,165077,19116209,11.087,127.993,8.46,34.2,41.5,2.11,80.18
CHL,South America,Chile,2020-04-30,14885,520,216,9,7898,172975,19116209,11.087,127.993,8.46,34.2,41.5,2.11,80.18
CHL,South America,Chile,2020-05-01,16023,1138,227,11,8916,181891,19116209,11.087,127.993,8.46,34.2,41.5,2.11,80.18
CHL,South America,Chile,2020-05-02,17008,985,234,7,9967,191858,19116209,11.087,127.993,8.46,34.2,41.5,2.11,80.18
CHL,South America,Chile,2020-05-03,18435,1427,247,13,6818,198676,19116209,11.087,127.993,8.46,34.2,41.5,2.11,80.18
CHL,South America,Chile,2020-05-04,19663,1228,260,13,7913,206589,19116209,11.087,127.993,8.46,34.2,41.5,2.11,80.18
CHL,South America,Chile,2020-05-05,20643,980,270,10,7964,214553,19116209,11.087,127.993,8.46,34.2,41.5,2.11,80.18
CHL,South America,Chile,2020-05-06,22016,1373,275,5,10013,224566,19116209,11.087,127.993,8.46,34.2,41.5,2.11,80.18
CHL,South America,Chile,2020-05-07,23048,1032,281,6,12118,236684,19116209,11.087,127.993,8.46,34.2,41.5,2.11,80.18
CHL,South America,Chile,2020-05-08,24581,1533,285,4,11735,248419,19116209,11.087,127.993,8.46,34.2,41.5,2.11,80.18
CHL,South America,Chile,2020-05-09,25972,1391,294,9,11943,260362,19116209,11.087,127.993,8.46,34.2,41.5,2.11,80.18
CHL,South America,Chile,2020-05-10,27219,1247,304,10,12780,273142,19116209,11.087,127.993,8.46,34.2,41.5,2.11,80.18
CHL,South America,Chile,2020-05-11,28866,1647,312,8,13373,286515,19116209,11.087,127.993,8.46,34.2,41.5,2.11,80.18
CHL,South America,Chile,2020-05-12,30063,1197,323,11,9283,295798,19116209,11.087,127.993,8.46,34.2,41.5,2.11,80.18
CHL,South America,Chile,2020-05-13,31721,1658,335,12,10410,306208,19116209,11.087,127.993,8.46,34.2,41.5,2.11,80.18
CHL,South America,Chile,2020-05-14,34381,2660,346,11,11502,317710,19116209,11.087,127.993,8.46,34.2,41.5,2.11,80.18
CHL,South America,Chile,2020-05-15,37040,2659,358,12,16095,333805,19116209,11.087,127.993,8.46,34.2,41.5,2.11,80.18
CHL,South America,Chile,2020-05-16,39542,2502,394,36,8813,342618,19116209,11.087,127.993,8.46,34.2,41.5,2.11,80.18
CHL,South America,Chile,2020-05-17,41428,1886,421,27,13171,355789,19116209,11.087,127.993,8.46,34.2,41.5,2.11,80.18
CHL,South America,Chile,2020-05-18,43781,2353,450,29,17515,373304,19116209,11.087,127.993,8.46,34.2,41.5,2.11,80.18
CHL,South America,Chile,2020-05-19,46059,2278,478,28,16189,389493,19116209,11.087,127.993,8.46,34.2,41.5,2.11,80.18
CHL,South America,Chile,2020-05-20,49579,3520,509,31,12469,401962,19116209,11.087,127.993,8.46,34.2,41.5,2.11,80.18
CHL,South America,Chile,2020-05-21,53617,4038,544,35,16334,418296,19116209,11.087,127.993,8.46,34.2,41.5,2.11,80.18
CHL,South America,Chile,2020-05-22,57581,3964,589,45,16090,434386,19116209,11.087,127.993,8.46,34.2,41.5,2.11,80.18
CHL,South America,Chile,2020-05-23,61857,4276,630,41,15239,449625,19116209,11.087,127.993,8.46,34.2,41.5,2.11,80.18
CHL,South America,Chile,2020-05-24,65393,3536,673,43,14426,464051,19116209,11.087,127.993,8.46,34.2,41.5,2.11,80.18
CHL,South America,Chile,2020-05-25,69102,3709,718,45,16283,480334,19116209,11.087,127.993,8.46,34.2,41.5,2.11,80.18
CHL,South America,Chile,2020-05-26,73997,4895,761,43,13084,493418,19116209,11.087,127.993,8.46,34.2,41.5,2.11,80.18
CHL,South America,Chile,2020-05-27,77961,3964,806,45,13398,506816,19116209,11.087,127.993,8.46,34.2,41.5,2.11,80.18
CHL,South America,Chile,2020-05-28,82289,4328,841,35,15650,522466,19116209,11.087,127.993,8.46,34.2,41.5,2.11,80.18
CHL,South America,Chile,2020-05-29,86943,4654,890,49,16333,538799,19116209,11.087,127.993,8.46,34.2,41.5,2.11,80.18
CHL,South America,Chile,2020-05-30,90638,3695,944,54,16814,555613,19116209,11.087,127.993,8.46,34.2,41.5,2.11,80.18
CHL,South America,Chile,2020-05-31,94858,4220,997,53,19120,574733,19116209,11.087,127.993,8.46,34.2,41.5,2.11,80.18
CHL,South America,Chile,2020-06-01,99688,4830,1054,57,16890,591623,19116209,11.087,127.993,8.46,34.2,41.5,2.11,80.18
CHL,South America,Chile,2020-06-02,105159,5471,1113,59,13442,605065,19116209,11.087,127.993,8.46,34.2,41.5,2.11,80.18
CHL,South America,Chile,2020-06-03,108686,3527,1188,75,15546,620611,19116209,11.087,127.993,8.46,34.2,41.5,2.11,80.18
CHL,South America,Chile,2020-06-04,113628,4942,1275,87,18140,638751,19116209,11.087,127.993,8.46,34.2,41.5,2.11,80.18
CHL,South America,Chile,2020-06-05,118292,4664,1356,81,21780,660531,19116209,11.087,127.993,8.46,34.2,41.5,2.11,80.18
CHL,South America,Chile,2020-06-06,122499,4207,1448,92,18954,679485,19116209,11.087,127.993,8.46,34.2,41.5,2.11,80.18
CHL,South America,Chile,2020-06-07,127745,5246,1541,93,21265,700750,19116209,11.087,127.993,8.46,34.2,41.5,2.11,80.18
CHL,South America,Chile,2020-06-08,134150,6405,2190,649,20040,720790,19116209,11.087,127.993,8.46,34.2,41.5,2.11,80.18
CHL,South America,Chile,2020-06-09,138846,4696,2264,74,17777,738567,19116209,11.087,127.993,8.46,34.2,41.5,2.11,80.18
CHL,South America,Chile,2020-06-10,142759,3913,2283,19,14477,753044,19116209,11.087,127.993,8.46,34.2,41.5,2.11,80.18
CHL,South America,Chile,2020-06-11,148496,5737,2475,192,19976,773020,19116209,11.087,127.993,8.46,34.2,41.5,2.11,80.18
CHL,South America,Chile,2020-06-12,154092,5596,2648,173,18733,791753,19116209,11.087,127.993,8.46,34.2,41.5,2.11,80.18
CHL,South America,Chile,2020-06-13,160846,6754,2870,222,20223,811976,19116209,11.087,127.993,8.46,34.2,41.5,2.11,80.18
CHL,South America,Chile,2020-06-14,167355,6509,3101,231,20151,832127,19116209,11.087,127.993,8.46,34.2,41.5,2.11,80.18
CHL,South America,Chile,2020-06-15,174293,6938,3323,222,18808,850935,19116209,11.087,127.993,8.46,34.2,41.5,2.11,80.18
CHL,South America,Chile,2020-06-16,179436,5143,3362,39,14575,865510,19116209,11.087,127.993,8.46,34.2,41.5,2.11,80.18
CHL,South America,Chile,2020-06-17,184449,5013,3383,21,12636,878146,19116209,11.087,127.993,8.46,34.2,41.5,2.11,80.18
CHL,South America,Chile,2020-06-18,220628,36179,3615,232,16997,895143,19116209,11.087,127.993,8.46,34.2,41.5,2.11,80.18
CHL,South America,Chile,2020-06-19,225103,4475,3841,226,20347,915490,19116209,11.087,127.993,8.46,34.2,41.5,2.11,80.18
CHL,South America,Chile,2020-06-20,231393,6290,4093,252,20080,935570,19116209,11.087,127.993,8.46,34.2,41.5,2.11,80.18
CHL,South America,Chile,2020-06-21,236748,5355,4295,202,20115,955685,19116209,11.087,127.993,8.46,34.2,41.5,2.11,80.18
CHL,South America,Chile,2020-06-22,242355,5607,4479,184,18645,974330,19116209,11.087,127.993,8.46,34.2,41.5,2.11,80.18
CHL,South America,Chile,2020-06-23,246963,4608,4502,23,12707,987037,19116209,11.087,127.993,8.46,34.2,41.5,2.11,80.18
CHL,South America,Chile,2020-06-24,250767,3804,4505,3,12575,999612,19116209,11.087,127.993,8.46,34.2,41.5,2.11,80.18
CHL,South America,Chile,2020-06-25,254416,3649,4731,226,17446,1017058,19116209,11.087,127.993,8.46,34.2,41.5,2.11,80.18
CHL,South America,Chile,2020-06-26,259064,4648,4903,172,18249,1035307,19116209,11.087,127.993,8.46,34.2,41.5,2.11,80.18
CHL,South America,Chile,2020-06-27,263360,4296,5068,165,17944,1053251,19116209,11.087,127.993,8.46,34.2,41.5,2.11,80.18
CHL,South America,Chile,2020-06-28,267766,4406,5347,279,18370,1071621,19116209,11.087,127.993,8.46,34.2,41.5,2.11,80.18
CHL,South America,Chile,2020-06-29,271982,4216,5509,162,16799,1088420,19116209,11.087,127.993,8.46,34.2,41.5,2.11,80.18
CHL,South America,Chile,2020-06-30,275999,4017,5575,66,13349,1101769,19116209,11.087,127.993,8.46,34.2,41.5,2.11,80.18
CHL,South America,Chile,2020-07-01,279393,3394,5688,113,10385,1112154,19116209,11.087,127.993,8.46,34.2,41.5,2.11,80.18
CHL,South America,Chile,2020-07-02,282043,2650,5753,65,10831,1122985,19116209,11.087,127.993,8.46,34.2,41.5,2.11,80.18
CHL,South America,Chile,2020-07-03,284541,2498,5920,167,15585,1138570,19116209,11.087,127.993,8.46,34.2,41.5,2.11,80.18
CHL,South America,Chile,2020-07-04,288089,3548,6051,131,17287,1155857,19116209,11.087,127.993,8.46,34.2,41.5,2.11,80.18
CHL,South America,Chile,2020-07-05,291847,3758,6192,141,18004,1173861,19116209,11.087,127.993,8.46,34.2,41.5,2.11,80.18
CHL,South America,Chile,2020-07-06,295532,3685,6308,116,16377,1190238,19116209,11.087,127.993,8.46,34.2,41.5,2.11,80.18
CHL,South America,Chile,2020-07-07,298557,3025,6384,76,12065,1202303,19116209,11.087,127.993,8.46,34.2,41.5,2.11,80.18
CHL,South America,Chile,2020-07-08,301019,2462,6434,50,10464,1212767,19116209,11.087,127.993,8.46,34.2,41.5,2.11,80.18
CHL,South America,Chile,2020-07-09,303083,2064,6573,139,16842,1229609,19116209,11.087,127.993,8.46,34.2,41.5,2.11,80.18
CHL,South America,Chile,2020-07-10,306216,3133,6682,109,17727,1247336,19116209,11.087,127.993,8.46,34.2,41.5,2.11,80.18
CHL,South America,Chile,2020-07-11,309274,3058,6781,99,18268,1265604,19116209,11.087,127.993,8.46,34.2,41.5,2.11,80.18
CHL,South America,Chile,2020-07-12,312029,2755,6881,100,19171,1284775,19116209,11.087,127.993,8.46,34.2,41.5,2.11,80.18
CHL,South America,Chile,2020-07-13,315041,3012,6979,98,17467,1302242,19116209,11.087,127.993,8.46,34.2,41.5,2.11,80.18
CHL,South America,Chile,2020-07-14,317657,2616,7024,45,12238,1314480,19116209,11.087,127.993,8.46,34.2,41.5,2.11,80.18
CHL,South America,Chile,2020-07-15,319493,1836,7069,45,12209,1326689,19116209,11.087,127.993,8.46,34.2,41.5,2.11,80.18
CHL,South America,Chile,2020-07-16,321205,1712,7186,117,17192,1343881,19116209,11.087,127.993,8.46,34.2,41.5,2.11,80.18
CHL,South America,Chile,2020-07-17,323698,2493,7290,104,18699,1362580,19116209,11.087,127.993,8.46,34.2,41.5,2.11,80.18
CHL,South America,Chile,2020-07-18,326539,2841,8347,1057,17716,1380296,19116209,11.087,127.993,8.46,34.2,41.5,2.11,80.18
CHL,South America,Chile,2020-07-19,328846,2307,8445,98,15728,1396024,19116209,11.087,127.993,8.46,34.2,41.5,2.11,80.18
CHL,South America,Chile,2020-07-20,330930,2084,8503,58,16343,1412367,19116209,11.087,127.993,8.46,34.2,41.5,2.11,80.18
CHL,South America,Chile,2020-07-21,333029,2099,8633,130,12590,1424957,19116209,11.087,127.993,8.46,34.2,41.5,2.11,80.18
CHL,South America,Chile,2020-07-22,334683,1654,8677,44,12793,1437750,19116209,11.087,127.993,8.46,34.2,41.5,2.11,80.18
CHL,South America,Chile,2020-07-23,336402,1719,8722,45,18867,1456617,19116209,11.087,127.993,8.46,34.2,41.5,2.11,80.18
CHL,South America,Chile,2020-07-24,338759,2357,8838,116,21071,1477688,19116209,11.087,127.993,8.46,34.2,41.5,2.11,80.18
CHL,South America,Chile,2020-07-25,341304,2545,8914,76,19133,1496821,19116209,11.087,127.993,8.46,34.2,41.5,2.11,80.18
CHL,South America,Chile,2020-07-26,343592,2288,9020,106,19709,1516530,19116209,11.087,127.993,8.46,34.2,41.5,2.11,80.18
CHL,South America,Chile,2020-07-27,345790,2198,9112,92,21544,1538074,19116209,11.087,127.993,8.46,34.2,41.5,2.11,80.18
CHL,South America,Chile,2020-07-28,347923,2133,9187,75,17596,1555670,19116209,11.087,127.993,8.46,34.2,41.5,2.11,80.18
CHL,South America,Chile,2020-07-29,349800,1877,9240,53,17130,1572800,19116209,11.087,127.993,8.46,34.2,41.5,2.11,80.18
CHL,South America,Chile,2020-07-30,351575,1775,9278,38,20295,1593095,19116209,11.087,127.993,8.46,34.2,41.5,2.11,80.18
CHL,South America,Chile,2020-07-31,353536,1961,9377,99,22874,1615969,19116209,11.087,127.993,8.46,34.2,41.5,2.11,80.18
CHL,South America,Chile,2020-08-01,355667,2131,9457,80,24398,1640367,19116209,11.087,127.993,8.46,34.2,41.5,2.11,80.18
CHL,South America,Chile,2020-08-02,357658,1991,9533,76,24899,1665266,19116209,11.087,127.993,8.46,34.2,41.5,2.11,80.18
CHL,South America,Chile,2020-08-03,359731,2073,9608,75,24269,1689535,19116209,11.087,127.993,8.46,34.2,41.5,2.11,80.18
CHL,South America,Chile,2020-08-04,361493,1762,9707,99,18857,1708392,19116209,11.087,127.993,8.46,34.2,41.5,2.11,80.18
CHL,South America,Chile,2020-08-05,362962,1469,9745,38,21398,1729790,19116209,11.087,127.993,8.46,34.2,41.5,2.11,80.18
CHL,South America,Chile,2020-08-06,364723,1761,9792,47,22802,1752592,19116209,11.087,127.993,8.46,34.2,41.5,2.11,80.18
CHL,South America,Chile,2020-08-07,366671,1948,9889,97,25243,1777835,19116209,11.087,127.993,8.46,34.2,41.5,2.11,80.18
CHL,South America,Chile,2020-08-08,368825,2154,9958,69,27037,1804872,19116209,11.087,127.993,8.46,34.2,41.5,2.11,80.18
CHL,South America,Chile,2020-08-09,371023,2198,10011,53,28460,1833332,19116209,11.087,127.993,8.46,34.2,41.5,2.11,80.18
CHL,South America,Chile,2020-08-10,373056,2033,10077,66,26012,1859344,19116209,11.087,127.993,8.46,34.2,41.5,2.11,80.18
CHL,South America,Chile,2020-08-11,375044,1988,10139,62,22249,1881593,19116209,11.087,127.993,8.46,34.2,41.5,2.11,80.18
CHL,South America,Chile,2020-08-12,376616,1572,10178,39,19348,1900941,19116209,11.087,127.993,8.46,34.2,41.5,2.11,80.18
CHL,South America,Chile,2020-08-13,378168,1552,10205,27,23628,1924569,19116209,11.087,127.993,8.46,34.2,41.5,2.11,80.18
CHL,South America,Chile,2020-08-14,380034,1866,10299,94,27618,1952187,19116209,11.087,127.993,8.46,34.2,41.5,2.11,80.18
CHL,South America,Chile,2020-08-15,382111,2077,10340,41,28499,1980686,19116209,11.087,127.993,8.46,34.2,41.5,2.11,80.18
CHL,South America,Chile,2020-08-16,383902,1791,10395,55,30882,2011568,19116209,11.087,127.993,8.46,34.2,41.5,2.11,80.18
CHL,South America,Chile,2020-08-17,385946,2044,10452,57,25289,2036857,19116209,11.087,127.993,8.46,34.2,41.5,2.11,80.18
CHL,South America,Chile,2020-08-18,387502,1556,10513,61,23199,2060056,19116209,11.087,127.993,8.46,34.2,41.5,2.11,80.18
CHL,South America,Chile,2020-08-19,388855,1353,10546,33,19275,2079331,19116209,11.087,127.993,8.46,34.2,41.5,2.11,80.18
CHL,South America,Chile,2020-08-20,390037,1182,10578,32,26278,2105609,19116209,11.087,127.993,8.46,34.2,41.5,2.11,80.18
CHL,South America,Chile,2020-08-21,391849,1812,10671,93,28669,2134278,19116209,11.087,127.993,8.46,34.2,41.5,2.11,80.18
CHL,South America,Chile,2020-08-22,393769,1920,10723,52,29727,2164005,19116209,11.087,127.993,8.46,34.2,41.5,2.11,80.18
CHL,South America,Chile,2020-08-23,395708,1939,10792,69,31981,2195986,19116209,11.087,127.993,8.46,34.2,41.5,2.11,80.18
CHL,South America,Chile,2020-08-24,397665,1957,10852,60,27454,2223440,19116209,11.087,127.993,8.46,34.2,41.5,2.11,80.18
CHL,South America,Chile,2020-08-25,399568,1903,10916,64,24503,2247943,19116209,11.087,127.993,8.46,34.2,41.5,2.11,80.18
CHL,South America,Chile,2020-08-26,400985,1417,10958,42,20257,2268200,19116209,11.087,127.993,8.46,34.2,41.5,2.11,80.18
CHL,South America,Chile,2020-08-27,402365,1380,10990,32,27019,2295219,19116209,11.087,127.993,8.46,34.2,41.5,2.11,80.18
CHL,South America,Chile,2020-08-28,404102,1737,11072,82,30274,2325493,19116209,11.087,127.993,8.46,34.2,41.5,2.11,80.18
CHL,South America,Chile,2020-08-29,405972,1870,11132,60,32237,2357730,19116209,11.087,127.993,8.46,34.2,41.5,2.11,80.18
CHL,South America,Chile,2020-08-30,408009,2037,11181,49,34769,2392499,19116209,11.087,127.993,8.46,34.2,41.5,2.11,80.18
CHL,South America,Chile,2020-08-31,409974,1965,11244,63,31914,2424413,19116209,11.087,127.993,8.46,34.2,41.5,2.11,80.18
CHL,South America,Chile,2020-09-01,411726,1752,11289,45,26326,2450739,19116209,11.087,127.993,8.46,34.2,41.5,2.11,80.18
CHL,South America,Chile,2020-09-02,413145,1419,11321,32,22746,2473485,19116209,11.087,127.993,8.46,34.2,41.5,2.11,80.18
CHL,South America,Chile,2020-09-03,414739,1594,11344,23,27242,2500727,19116209,11.087,127.993,8.46,34.2,41.5,2.11,80.18
CHL,South America,Chile,2020-09-04,416501,1762,11422,78,31968,2532695,19116209,11.087,127.993,8.46,34.2,41.5,2.11,80.18
CHL,South America,Chile,2020-09-05,418469,1968,11494,72,34595,2567290,19116209,11.087,127.993,8.46,34.2,41.5,2.11,80.18
CHL,South America,Chile,2020-09-06,420434,1965,11551,57,35289,2602579,19116209,11.087,127.993,8.46,34.2,41.5,2.11,80.18
CHL,South America,Chile,2020-09-07,422510,2076,11592,41,30987,2633566,19116209,11.087,127.993,8.46,34.2,41.5,2.11,80.18
CHL,South America,Chile,2020-09-08,424274,1764,11652,60,27980,2661546,19116209,11.087,127.993,8.46,34.2,41.5,2.11,80.18
CHL,South America,Chile,2020-09-09,425541,1267,11682,30,21805,2683351,19116209,11.087,127.993,8.46,34.2,41.5,2.11,80.18
CHL,South America,Chile,2020-09-10,427027,1486,11702,20,28313,2711664,19116209,11.087,127.993,8.46,34.2,41.5,2.11,80.18
CHL,South America,Chile,2020-09-11,428669,1642,11781,79,34082,2745746,19116209,11.087,127.993,8.46,34.2,41.5,2.11,80.18
CHL,South America,Chile,2020-09-12,430535,1866,11850,69,38062,2783808,19116209,11.087,127.993,8.46,34.2,41.5,2.11,80.18
CHL,South America,Chile,2020-09-13,432666,2131,11895,45,36298,2820106,19116209,11.087,127.993,8.46,34.2,41.5,2.11,80.18
CHL,South America,Chile,2020-09-14,434748,2082,11949,54,32577,2852683,19116209,11.087,127.993,8.46,34.2,41.5,2.11,80.18
CHL,South America,Chile,2020-09-15,436433,1685,12013,64,27197,2879880,19116209,11.087,127.993,8.46,34.2,41.5,2.11,80.18
CHL,South America,Chile,2020-09-16,437983,1550,12040,27,23102,2902982,19116209,11.087,127.993,8.46,34.2,41.5,2.11,80.18
CHL,South America,Chile,2020-09-17,439287,1304,12058,18,31646,2934628,19116209,11.087,127.993,8.46,34.2,41.5,2.11,80.18
CHL,South America,Chile,2020-09-18,441150,1863,12142,84,33240,2967868,19116209,11.087,127.993,8.46,34.2,41.5,2.11,80.18
CHL,South America,Chile,2020-09-19,442827,1677,12199,57,34822,3002690,19116209,11.087,127.993,8.46,34.2,41.5,2.11,80.18
CHL,South America,Chile,2020-09-20,444674,1847,12254,55,27620,3030310,19116209,11.087,127.993,8.46,34.2,41.5,2.11,80.18
CHL,South America,Chile,2020-09-21,446274,1600,12286,32,16822,3047132,19116209,11.087,127.993,8.46,34.2,41.5,2.11,80.18
CHL,South America,Chile,2020-09-22,447468,1194,12298,12,13389,3060521,19116209,11.087,127.993,8.46,34.2,41.5,2.11,80.18
CHL,South America,Chile,2020-09-23,448523,1055,12321,23,15573,3076094,19116209,11.087,127.993,8.46,34.2,41.5,2.11,80.18
CHL,South America,Chile,2020-09-24,449903,1380,12345,24,29078,3105172,19116209,11.087,127.993,8.46,34.2,41.5,2.11,80.18
CHL,South America,Chile,2020-09-25,451634,1731,12469,124,37653,3142825,19116209,11.087,127.993,8.46,34.2,41.5,2.11,80.18
CHL,South America,Chile,2020-09-26,453868,2234,12527,58,38161,3180986,19116209,11.087,127.993,8.46,34.2,41.5,2.11,80.18
CHL,South America,Chile,2020-09-27,455979,2111,12591,64,39405,3220391,19116209,11.087,127.993,8.46,34.2,41.5,2.11,80.18
CHL,South America,Chile,2020-09-28,457901,1922,12641,50,NA,NA,19116209,11.087,127.993,8.46,34.2,41.5,2.11,80.18
CHL,South America,Chile,2020-09-29,459671,1770,12698,57,NA,NA,19116209,11.087,127.993,8.46,34.2,41.5,2.11,80.18
BGR,Europe,Bulgaria,2020-03-08,2,2,0,0,NA,NA,6948445,20.801,424.688,5.81,30.1,44.4,7.454,75.05
BGR,Europe,Bulgaria,2020-03-09,4,2,0,0,NA,NA,6948445,20.801,424.688,5.81,30.1,44.4,7.454,75.05
BGR,Europe,Bulgaria,2020-03-12,7,3,1,1,NA,NA,6948445,20.801,424.688,5.81,30.1,44.4,7.454,75.05
BGR,Europe,Bulgaria,2020-03-13,23,16,1,0,NA,NA,6948445,20.801,424.688,5.81,30.1,44.4,7.454,75.05
BGR,Europe,Bulgaria,2020-03-14,31,8,1,0,NA,NA,6948445,20.801,424.688,5.81,30.1,44.4,7.454,75.05
BGR,Europe,Bulgaria,2020-03-15,41,10,2,1,NA,NA,6948445,20.801,424.688,5.81,30.1,44.4,7.454,75.05
BGR,Europe,Bulgaria,2020-03-16,51,10,2,0,NA,NA,6948445,20.801,424.688,5.81,30.1,44.4,7.454,75.05
BGR,Europe,Bulgaria,2020-03-17,62,11,2,0,NA,NA,6948445,20.801,424.688,5.81,30.1,44.4,7.454,75.05
BGR,Europe,Bulgaria,2020-03-18,81,19,2,0,NA,NA,6948445,20.801,424.688,5.81,30.1,44.4,7.454,75.05
BGR,Europe,Bulgaria,2020-03-19,92,11,2,0,NA,NA,6948445,20.801,424.688,5.81,30.1,44.4,7.454,75.05
BGR,Europe,Bulgaria,2020-03-20,105,13,3,1,NA,NA,6948445,20.801,424.688,5.81,30.1,44.4,7.454,75.05
BGR,Europe,Bulgaria,2020-03-21,127,22,3,0,NA,NA,6948445,20.801,424.688,5.81,30.1,44.4,7.454,75.05
BGR,Europe,Bulgaria,2020-03-22,163,36,3,0,NA,NA,6948445,20.801,424.688,5.81,30.1,44.4,7.454,75.05
BGR,Europe,Bulgaria,2020-03-23,185,22,3,0,NA,NA,6948445,20.801,424.688,5.81,30.1,44.4,7.454,75.05
BGR,Europe,Bulgaria,2020-03-24,201,16,3,0,NA,NA,6948445,20.801,424.688,5.81,30.1,44.4,7.454,75.05
BGR,Europe,Bulgaria,2020-03-25,220,19,3,0,NA,NA,6948445,20.801,424.688,5.81,30.1,44.4,7.454,75.05
BGR,Europe,Bulgaria,2020-03-26,242,22,3,0,NA,NA,6948445,20.801,424.688,5.81,30.1,44.4,7.454,75.05
BGR,Europe,Bulgaria,2020-03-27,264,22,3,0,NA,NA,6948445,20.801,424.688,5.81,30.1,44.4,7.454,75.05
BGR,Europe,Bulgaria,2020-03-28,293,29,3,0,NA,NA,6948445,20.801,424.688,5.81,30.1,44.4,7.454,75.05
BGR,Europe,Bulgaria,2020-03-29,331,38,7,4,NA,NA,6948445,20.801,424.688,5.81,30.1,44.4,7.454,75.05
BGR,Europe,Bulgaria,2020-03-30,346,15,8,1,NA,NA,6948445,20.801,424.688,5.81,30.1,44.4,7.454,75.05
BGR,Europe,Bulgaria,2020-03-31,359,13,8,0,NA,NA,6948445,20.801,424.688,5.81,30.1,44.4,7.454,75.05
BGR,Europe,Bulgaria,2020-04-01,399,40,8,0,NA,NA,6948445,20.801,424.688,5.81,30.1,44.4,7.454,75.05
BGR,Europe,Bulgaria,2020-04-02,422,23,10,2,NA,NA,6948445,20.801,424.688,5.81,30.1,44.4,7.454,75.05
BGR,Europe,Bulgaria,2020-04-03,457,35,10,0,NA,NA,6948445,20.801,424.688,5.81,30.1,44.4,7.454,75.05
BGR,Europe,Bulgaria,2020-04-04,485,28,14,4,NA,NA,6948445,20.801,424.688,5.81,30.1,44.4,7.454,75.05
BGR,Europe,Bulgaria,2020-04-05,503,18,17,3,NA,NA,6948445,20.801,424.688,5.81,30.1,44.4,7.454,75.05
BGR,Europe,Bulgaria,2020-04-06,531,28,20,3,NA,NA,6948445,20.801,424.688,5.81,30.1,44.4,7.454,75.05
BGR,Europe,Bulgaria,2020-04-07,549,18,22,2,NA,NA,6948445,20.801,424.688,5.81,30.1,44.4,7.454,75.05
BGR,Europe,Bulgaria,2020-04-08,577,28,23,1,NA,NA,6948445,20.801,424.688,5.81,30.1,44.4,7.454,75.05
BGR,Europe,Bulgaria,2020-04-09,593,16,24,1,NA,NA,6948445,20.801,424.688,5.81,30.1,44.4,7.454,75.05
BGR,Europe,Bulgaria,2020-04-10,624,31,24,0,NA,NA,6948445,20.801,424.688,5.81,30.1,44.4,7.454,75.05
BGR,Europe,Bulgaria,2020-04-11,635,11,25,1,NA,18502,6948445,20.801,424.688,5.81,30.1,44.4,7.454,75.05
BGR,Europe,Bulgaria,2020-04-12,661,26,28,3,NA,NA,6948445,20.801,424.688,5.81,30.1,44.4,7.454,75.05
BGR,Europe,Bulgaria,2020-04-13,675,14,29,1,NA,NA,6948445,20.801,424.688,5.81,30.1,44.4,7.454,75.05
BGR,Europe,Bulgaria,2020-04-14,685,10,32,3,NA,NA,6948445,20.801,424.688,5.81,30.1,44.4,7.454,75.05
BGR,Europe,Bulgaria,2020-04-15,713,28,35,3,NA,NA,6948445,20.801,424.688,5.81,30.1,44.4,7.454,75.05
BGR,Europe,Bulgaria,2020-04-16,747,34,36,1,NA,NA,6948445,20.801,424.688,5.81,30.1,44.4,7.454,75.05
BGR,Europe,Bulgaria,2020-04-17,800,53,38,2,NA,NA,6948445,20.801,424.688,5.81,30.1,44.4,7.454,75.05
BGR,Europe,Bulgaria,2020-04-18,846,46,41,3,NA,NA,6948445,20.801,424.688,5.81,30.1,44.4,7.454,75.05
BGR,Europe,Bulgaria,2020-04-19,878,32,41,0,NA,26417,6948445,20.801,424.688,5.81,30.1,44.4,7.454,75.05
BGR,Europe,Bulgaria,2020-04-20,915,37,43,2,NA,NA,6948445,20.801,424.688,5.81,30.1,44.4,7.454,75.05
BGR,Europe,Bulgaria,2020-04-21,929,14,43,0,NA,NA,6948445,20.801,424.688,5.81,30.1,44.4,7.454,75.05
BGR,Europe,Bulgaria,2020-04-22,975,46,45,2,NA,27000,6948445,20.801,424.688,5.81,30.1,44.4,7.454,75.05
BGR,Europe,Bulgaria,2020-04-23,1024,49,49,4,NA,NA,6948445,20.801,424.688,5.81,30.1,44.4,7.454,75.05
BGR,Europe,Bulgaria,2020-04-24,1097,73,52,3,NA,NA,6948445,20.801,424.688,5.81,30.1,44.4,7.454,75.05
BGR,Europe,Bulgaria,2020-04-25,1188,91,54,2,NA,NA,6948445,20.801,424.688,5.81,30.1,44.4,7.454,75.05
BGR,Europe,Bulgaria,2020-04-26,1247,59,55,1,NA,NA,6948445,20.801,424.688,5.81,30.1,44.4,7.454,75.05
BGR,Europe,Bulgaria,2020-04-27,1300,53,56,1,NA,NA,6948445,20.801,424.688,5.81,30.1,44.4,7.454,75.05
BGR,Europe,Bulgaria,2020-04-28,1363,63,58,2,NA,NA,6948445,20.801,424.688,5.81,30.1,44.4,7.454,75.05
BGR,Europe,Bulgaria,2020-04-29,1399,36,58,0,NA,45208,6948445,20.801,424.688,5.81,30.1,44.4,7.454,75.05
BGR,Europe,Bulgaria,2020-04-30,1447,48,64,6,NA,NA,6948445,20.801,424.688,5.81,30.1,44.4,7.454,75.05
BGR,Europe,Bulgaria,2020-05-01,1506,59,66,2,NA,46510,6948445,20.801,424.688,5.81,30.1,44.4,7.454,75.05
BGR,Europe,Bulgaria,2020-05-02,1588,82,69,3,1126,47636,6948445,20.801,424.688,5.81,30.1,44.4,7.454,75.05
BGR,Europe,Bulgaria,2020-05-03,1594,6,72,3,982,48618,6948445,20.801,424.688,5.81,30.1,44.4,7.454,75.05
BGR,Europe,Bulgaria,2020-05-04,1618,24,73,1,527,49145,6948445,20.801,424.688,5.81,30.1,44.4,7.454,75.05
BGR,Europe,Bulgaria,2020-05-05,1652,34,78,5,1158,50303,6948445,20.801,424.688,5.81,30.1,44.4,7.454,75.05
BGR,Europe,Bulgaria,2020-05-06,1689,37,78,0,1465,51768,6948445,20.801,424.688,5.81,30.1,44.4,7.454,75.05
BGR,Europe,Bulgaria,2020-05-07,1778,89,84,6,1163,52931,6948445,20.801,424.688,5.81,30.1,44.4,7.454,75.05
BGR,Europe,Bulgaria,2020-05-08,1829,51,84,0,1397,54328,6948445,20.801,424.688,5.81,30.1,44.4,7.454,75.05
BGR,Europe,Bulgaria,2020-05-09,1911,82,88,4,1777,56105,6948445,20.801,424.688,5.81,30.1,44.4,7.454,75.05
BGR,Europe,Bulgaria,2020-05-10,1955,44,90,2,1126,57231,6948445,20.801,424.688,5.81,30.1,44.4,7.454,75.05
BGR,Europe,Bulgaria,2020-05-11,1965,10,91,1,403,57634,6948445,20.801,424.688,5.81,30.1,44.4,7.454,75.05
BGR,Europe,Bulgaria,2020-05-12,1990,25,93,2,1079,58713,6948445,20.801,424.688,5.81,30.1,44.4,7.454,75.05
BGR,Europe,Bulgaria,2020-05-13,2023,33,95,2,1387,60100,6948445,20.801,424.688,5.81,30.1,44.4,7.454,75.05
BGR,Europe,Bulgaria,2020-05-14,2069,46,96,1,1611,61711,6948445,20.801,424.688,5.81,30.1,44.4,7.454,75.05
BGR,Europe,Bulgaria,2020-05-15,2100,31,99,3,1608,63319,6948445,20.801,424.688,5.81,30.1,44.4,7.454,75.05
BGR,Europe,Bulgaria,2020-05-16,2138,38,102,3,1161,64480,6948445,20.801,424.688,5.81,30.1,44.4,7.454,75.05
BGR,Europe,Bulgaria,2020-05-17,2211,73,108,6,1094,65574,6948445,20.801,424.688,5.81,30.1,44.4,7.454,75.05
BGR,Europe,Bulgaria,2020-05-18,2235,24,110,2,362,65936,6948445,20.801,424.688,5.81,30.1,44.4,7.454,75.05
BGR,Europe,Bulgaria,2020-05-19,2259,24,112,2,874,66810,6948445,20.801,424.688,5.81,30.1,44.4,7.454,75.05
BGR,Europe,Bulgaria,2020-05-20,2292,33,116,4,1433,68243,6948445,20.801,424.688,5.81,30.1,44.4,7.454,75.05
BGR,Europe,Bulgaria,2020-05-21,2331,39,120,4,NA,NA,6948445,20.801,424.688,5.81,30.1,44.4,7.454,75.05
BGR,Europe,Bulgaria,2020-05-22,2372,41,125,5,NA,71605,6948445,20.801,424.688,5.81,30.1,44.4,7.454,75.05
BGR,Europe,Bulgaria,2020-05-23,2408,36,126,1,1605,73210,6948445,20.801,424.688,5.81,30.1,44.4,7.454,75.05
BGR,Europe,Bulgaria,2020-05-24,2408,0,126,0,886,74096,6948445,20.801,424.688,5.81,30.1,44.4,7.454,75.05
BGR,Europe,Bulgaria,2020-05-25,2433,25,130,4,443,74539,6948445,20.801,424.688,5.81,30.1,44.4,7.454,75.05
BGR,Europe,Bulgaria,2020-05-26,2433,0,130,0,295,74834,6948445,20.801,424.688,5.81,30.1,44.4,7.454,75.05
BGR,Europe,Bulgaria,2020-05-27,2460,27,133,3,1557,76391,6948445,20.801,424.688,5.81,30.1,44.4,7.454,75.05
BGR,Europe,Bulgaria,2020-05-28,2460,0,133,0,1273,77664,6948445,20.801,424.688,5.81,30.1,44.4,7.454,75.05
BGR,Europe,Bulgaria,2020-05-29,2485,25,136,3,1725,79389,6948445,20.801,424.688,5.81,30.1,44.4,7.454,75.05
BGR,Europe,Bulgaria,2020-05-30,2499,14,139,3,1353,80742,6948445,20.801,424.688,5.81,30.1,44.4,7.454,75.05
BGR,Europe,Bulgaria,2020-05-31,2513,14,140,1,606,81348,6948445,20.801,424.688,5.81,30.1,44.4,7.454,75.05
BGR,Europe,Bulgaria,2020-06-01,2513,0,140,0,346,81694,6948445,20.801,424.688,5.81,30.1,44.4,7.454,75.05
BGR,Europe,Bulgaria,2020-06-02,2513,0,144,4,1220,82914,6948445,20.801,424.688,5.81,30.1,44.4,7.454,75.05
BGR,Europe,Bulgaria,2020-06-03,2538,25,144,0,1347,84261,6948445,20.801,424.688,5.81,30.1,44.4,7.454,75.05
BGR,Europe,Bulgaria,2020-06-04,2585,47,147,3,1569,85830,6948445,20.801,424.688,5.81,30.1,44.4,7.454,75.05
BGR,Europe,Bulgaria,2020-06-05,2585,0,147,0,2060,87890,6948445,20.801,424.688,5.81,30.1,44.4,7.454,75.05
BGR,Europe,Bulgaria,2020-06-06,2668,83,160,13,1196,89086,6948445,20.801,424.688,5.81,30.1,44.4,7.454,75.05
BGR,Europe,Bulgaria,2020-06-07,2711,43,160,0,816,89902,6948445,20.801,424.688,5.81,30.1,44.4,7.454,75.05
BGR,Europe,Bulgaria,2020-06-08,2727,16,160,0,427,90329,6948445,20.801,424.688,5.81,30.1,44.4,7.454,75.05
BGR,Europe,Bulgaria,2020-06-09,2810,83,164,4,1406,91735,6948445,20.801,424.688,5.81,30.1,44.4,7.454,75.05
BGR,Europe,Bulgaria,2020-06-10,2889,79,167,3,1777,93512,6948445,20.801,424.688,5.81,30.1,44.4,7.454,75.05
BGR,Europe,Bulgaria,2020-06-11,2993,104,167,0,2308,95820,6948445,20.801,424.688,5.81,30.1,44.4,7.454,75.05
BGR,Europe,Bulgaria,2020-06-12,3086,93,168,1,2640,98460,6948445,20.801,424.688,5.81,30.1,44.4,7.454,75.05
BGR,Europe,Bulgaria,2020-06-13,3191,105,172,4,2642,101102,6948445,20.801,424.688,5.81,30.1,44.4,7.454,75.05
BGR,Europe,Bulgaria,2020-06-14,3266,75,172,0,1975,103077,6948445,20.801,424.688,5.81,30.1,44.4,7.454,75.05
BGR,Europe,Bulgaria,2020-06-15,3290,24,174,2,1409,104486,6948445,20.801,424.688,5.81,30.1,44.4,7.454,75.05
BGR,Europe,Bulgaria,2020-06-16,3341,51,176,2,3839,108325,6948445,20.801,424.688,5.81,30.1,44.4,7.454,75.05
BGR,Europe,Bulgaria,2020-06-17,3453,112,181,5,NA,NA,6948445,20.801,424.688,5.81,30.1,44.4,7.454,75.05
BGR,Europe,Bulgaria,2020-06-18,3542,89,184,3,NA,112483,6948445,20.801,424.688,5.81,30.1,44.4,7.454,75.05
BGR,Europe,Bulgaria,2020-06-19,3674,132,190,6,NA,NA,6948445,20.801,424.688,5.81,30.1,44.4,7.454,75.05
BGR,Europe,Bulgaria,2020-06-20,3755,81,193,3,NA,116214,6948445,20.801,424.688,5.81,30.1,44.4,7.454,75.05
BGR,Europe,Bulgaria,2020-06-21,3872,117,199,6,NA,NA,6948445,20.801,424.688,5.81,30.1,44.4,7.454,75.05
BGR,Europe,Bulgaria,2020-06-22,3905,33,199,0,NA,116780,6948445,20.801,424.688,5.81,30.1,44.4,7.454,75.05
BGR,Europe,Bulgaria,2020-06-23,3984,79,207,8,2776,119556,6948445,20.801,424.688,5.81,30.1,44.4,7.454,75.05
BGR,Europe,Bulgaria,2020-06-24,4114,130,208,1,2946,122502,6948445,20.801,424.688,5.81,30.1,44.4,7.454,75.05
BGR,Europe,Bulgaria,2020-06-25,4242,128,209,1,3016,125518,6948445,20.801,424.688,5.81,30.1,44.4,7.454,75.05
BGR,Europe,Bulgaria,2020-06-26,4408,166,211,2,2775,128293,6948445,20.801,424.688,5.81,30.1,44.4,7.454,75.05
BGR,Europe,Bulgaria,2020-06-27,4513,105,215,4,2750,131043,6948445,20.801,424.688,5.81,30.1,44.4,7.454,75.05
BGR,Europe,Bulgaria,2020-06-28,4625,112,216,1,1528,132571,6948445,20.801,424.688,5.81,30.1,44.4,7.454,75.05
BGR,Europe,Bulgaria,2020-06-29,4691,66,219,3,1034,133605,6948445,20.801,424.688,5.81,30.1,44.4,7.454,75.05
BGR,Europe,Bulgaria,2020-06-30,4831,140,223,4,4525,138130,6948445,20.801,424.688,5.81,30.1,44.4,7.454,75.05
BGR,Europe,Bulgaria,2020-07-01,4989,158,230,7,3343,141473,6948445,20.801,424.688,5.81,30.1,44.4,7.454,75.05
BGR,Europe,Bulgaria,2020-07-02,5154,165,232,2,2896,144369,6948445,20.801,424.688,5.81,30.1,44.4,7.454,75.05
BGR,Europe,Bulgaria,2020-07-03,5315,161,232,0,3155,147524,6948445,20.801,424.688,5.81,30.1,44.4,7.454,75.05
BGR,Europe,Bulgaria,2020-07-04,5497,182,239,7,2538,150062,6948445,20.801,424.688,5.81,30.1,44.4,7.454,75.05
BGR,Europe,Bulgaria,2020-07-05,5677,180,241,2,3514,153576,6948445,20.801,424.688,5.81,30.1,44.4,7.454,75.05
BGR,Europe,Bulgaria,2020-07-06,5740,63,246,5,2775,156351,6948445,20.801,424.688,5.81,30.1,44.4,7.454,75.05
BGR,Europe,Bulgaria,2020-07-07,5914,174,250,4,NA,NA,6948445,20.801,424.688,5.81,30.1,44.4,7.454,75.05
BGR,Europe,Bulgaria,2020-07-08,6102,188,254,4,NA,159818,6948445,20.801,424.688,5.81,30.1,44.4,7.454,75.05
BGR,Europe,Bulgaria,2020-07-09,6342,240,259,5,4286,164104,6948445,20.801,424.688,5.81,30.1,44.4,7.454,75.05
BGR,Europe,Bulgaria,2020-07-10,6672,330,262,3,3686,167790,6948445,20.801,424.688,5.81,30.1,44.4,7.454,75.05
BGR,Europe,Bulgaria,2020-07-11,6964,292,262,0,4540,172330,6948445,20.801,424.688,5.81,30.1,44.4,7.454,75.05
BGR,Europe,Bulgaria,2020-07-12,7175,211,262,0,2806,175136,6948445,20.801,424.688,5.81,30.1,44.4,7.454,75.05
BGR,Europe,Bulgaria,2020-07-13,7252,77,268,6,1198,176334,6948445,20.801,424.688,5.81,30.1,44.4,7.454,75.05
BGR,Europe,Bulgaria,2020-07-14,7411,159,276,8,3341,179675,6948445,20.801,424.688,5.81,30.1,44.4,7.454,75.05
BGR,Europe,Bulgaria,2020-07-15,7645,234,283,7,4885,184560,6948445,20.801,424.688,5.81,30.1,44.4,7.454,75.05
BGR,Europe,Bulgaria,2020-07-16,7877,232,289,6,5393,189953,6948445,20.801,424.688,5.81,30.1,44.4,7.454,75.05
BGR,Europe,Bulgaria,2020-07-17,8144,267,293,4,6526,196479,6948445,20.801,424.688,5.81,30.1,44.4,7.454,75.05
BGR,Europe,Bulgaria,2020-07-18,8442,298,297,4,4884,201363,6948445,20.801,424.688,5.81,30.1,44.4,7.454,75.05
BGR,Europe,Bulgaria,2020-07-19,8638,196,299,2,2003,203366,6948445,20.801,424.688,5.81,30.1,44.4,7.454,75.05
BGR,Europe,Bulgaria,2020-07-20,8733,95,300,1,3155,206521,6948445,20.801,424.688,5.81,30.1,44.4,7.454,75.05
BGR,Europe,Bulgaria,2020-07-21,8929,196,308,8,9051,215572,6948445,20.801,424.688,5.81,30.1,44.4,7.454,75.05
BGR,Europe,Bulgaria,2020-07-22,9254,325,313,5,NA,NA,6948445,20.801,424.688,5.81,30.1,44.4,7.454,75.05
BGR,Europe,Bulgaria,2020-07-23,9584,330,321,8,NA,221755,6948445,20.801,424.688,5.81,30.1,44.4,7.454,75.05
BGR,Europe,Bulgaria,2020-07-24,9853,269,329,8,5913,227668,6948445,20.801,424.688,5.81,30.1,44.4,7.454,75.05
BGR,Europe,Bulgaria,2020-07-25,10123,270,337,8,8124,235792,6948445,20.801,424.688,5.81,30.1,44.4,7.454,75.05
BGR,Europe,Bulgaria,2020-07-26,10312,189,338,1,NA,NA,6948445,20.801,424.688,5.81,30.1,44.4,7.454,75.05
BGR,Europe,Bulgaria,2020-07-27,10427,115,340,2,NA,243126,6948445,20.801,424.688,5.81,30.1,44.4,7.454,75.05
BGR,Europe,Bulgaria,2020-07-28,10621,194,347,7,5303,248429,6948445,20.801,424.688,5.81,30.1,44.4,7.454,75.05
BGR,Europe,Bulgaria,2020-07-29,10871,250,355,8,6395,254824,6948445,20.801,424.688,5.81,30.1,44.4,7.454,75.05
BGR,Europe,Bulgaria,2020-07-30,11155,284,368,13,6639,261463,6948445,20.801,424.688,5.81,30.1,44.4,7.454,75.05
BGR,Europe,Bulgaria,2020-07-31,11420,265,374,6,5582,267045,6948445,20.801,424.688,5.81,30.1,44.4,7.454,75.05
BGR,Europe,Bulgaria,2020-08-01,11690,270,383,9,3955,271000,6948445,20.801,424.688,5.81,30.1,44.4,7.454,75.05
BGR,Europe,Bulgaria,2020-08-02,11836,146,385,2,1491,272491,6948445,20.801,424.688,5.81,30.1,44.4,7.454,75.05
BGR,Europe,Bulgaria,2020-08-03,11955,119,388,3,4137,276628,6948445,20.801,424.688,5.81,30.1,44.4,7.454,75.05
BGR,Europe,Bulgaria,2020-08-04,11955,0,388,0,5325,281953,6948445,20.801,424.688,5.81,30.1,44.4,7.454,75.05
BGR,Europe,Bulgaria,2020-08-05,12159,204,404,16,NA,NA,6948445,20.801,424.688,5.81,30.1,44.4,7.454,75.05
BGR,Europe,Bulgaria,2020-08-06,12414,255,415,11,NA,287654,6948445,20.801,424.688,5.81,30.1,44.4,7.454,75.05
BGR,Europe,Bulgaria,2020-08-07,12717,303,424,9,6433,294087,6948445,20.801,424.688,5.81,30.1,44.4,7.454,75.05
BGR,Europe,Bulgaria,2020-08-08,13014,297,435,11,5837,299924,6948445,20.801,424.688,5.81,30.1,44.4,7.454,75.05
BGR,Europe,Bulgaria,2020-08-09,13343,329,445,10,3612,303536,6948445,20.801,424.688,5.81,30.1,44.4,7.454,75.05
BGR,Europe,Bulgaria,2020-08-10,13396,53,447,2,1275,304811,6948445,20.801,424.688,5.81,30.1,44.4,7.454,75.05
BGR,Europe,Bulgaria,2020-08-11,13512,116,459,12,3667,308478,6948445,20.801,424.688,5.81,30.1,44.4,7.454,75.05
BGR,Europe,Bulgaria,2020-08-12,13722,210,471,12,5388,313866,6948445,20.801,424.688,5.81,30.1,44.4,7.454,75.05
BGR,Europe,Bulgaria,2020-08-13,13893,171,482,11,5108,318974,6948445,20.801,424.688,5.81,30.1,44.4,7.454,75.05
BGR,Europe,Bulgaria,2020-08-14,14069,176,484,2,5877,324851,6948445,20.801,424.688,5.81,30.1,44.4,7.454,75.05
BGR,Europe,Bulgaria,2020-08-15,14243,174,492,8,5934,330785,6948445,20.801,424.688,5.81,30.1,44.4,7.454,75.05
BGR,Europe,Bulgaria,2020-08-16,14333,90,495,3,2745,333530,6948445,20.801,424.688,5.81,30.1,44.4,7.454,75.05
BGR,Europe,Bulgaria,2020-08-17,14365,32,498,3,781,334311,6948445,20.801,424.688,5.81,30.1,44.4,7.454,75.05
BGR,Europe,Bulgaria,2020-08-18,14500,135,512,14,5252,339563,6948445,20.801,424.688,5.81,30.1,44.4,7.454,75.05
BGR,Europe,Bulgaria,2020-08-19,14669,169,519,7,3667,343230,6948445,20.801,424.688,5.81,30.1,44.4,7.454,75.05
BGR,Europe,Bulgaria,2020-08-20,14820,151,527,8,8649,351879,6948445,20.801,424.688,5.81,30.1,44.4,7.454,75.05
BGR,Europe,Bulgaria,2020-08-21,14962,142,532,5,6844,358723,6948445,20.801,424.688,5.81,30.1,44.4,7.454,75.05
BGR,Europe,Bulgaria,2020-08-22,15131,169,539,7,6373,365096,6948445,20.801,424.688,5.81,30.1,44.4,7.454,75.05
BGR,Europe,Bulgaria,2020-08-23,15227,96,545,6,3402,368498,6948445,20.801,424.688,5.81,30.1,44.4,7.454,75.05
BGR,Europe,Bulgaria,2020-08-24,15287,60,545,0,2288,370786,6948445,20.801,424.688,5.81,30.1,44.4,7.454,75.05
BGR,Europe,Bulgaria,2020-08-25,15386,99,563,18,3588,374374,6948445,20.801,424.688,5.81,30.1,44.4,7.454,75.05
BGR,Europe,Bulgaria,2020-08-26,15589,203,572,9,10076,384450,6948445,20.801,424.688,5.81,30.1,44.4,7.454,75.05
BGR,Europe,Bulgaria,2020-08-27,15751,162,586,14,NA,NA,6948445,20.801,424.688,5.81,30.1,44.4,7.454,75.05
BGR,Europe,Bulgaria,2020-08-28,15908,157,594,8,NA,392089,6948445,20.801,424.688,5.81,30.1,44.4,7.454,75.05
BGR,Europe,Bulgaria,2020-08-29,16065,157,603,9,6337,398426,6948445,20.801,424.688,5.81,30.1,44.4,7.454,75.05
BGR,Europe,Bulgaria,2020-08-30,16164,99,605,2,6257,404683,6948445,20.801,424.688,5.81,30.1,44.4,7.454,75.05
BGR,Europe,Bulgaria,2020-08-31,16190,26,613,8,NA,NA,6948445,20.801,424.688,5.81,30.1,44.4,7.454,75.05
BGR,Europe,Bulgaria,2020-09-01,16266,76,629,16,NA,409013,6948445,20.801,424.688,5.81,30.1,44.4,7.454,75.05
BGR,Europe,Bulgaria,2020-09-02,16266,0,629,0,6784,415797,6948445,20.801,424.688,5.81,30.1,44.4,7.454,75.05
BGR,Europe,Bulgaria,2020-09-03,16454,188,642,13,5443,421240,6948445,20.801,424.688,5.81,30.1,44.4,7.454,75.05
BGR,Europe,Bulgaria,2020-09-04,16617,163,648,6,7026,428266,6948445,20.801,424.688,5.81,30.1,44.4,7.454,75.05
BGR,Europe,Bulgaria,2020-09-05,16775,158,658,10,8129,436395,6948445,20.801,424.688,5.81,30.1,44.4,7.454,75.05
BGR,Europe,Bulgaria,2020-09-06,16954,179,665,7,4765,441160,6948445,20.801,424.688,5.81,30.1,44.4,7.454,75.05
BGR,Europe,Bulgaria,2020-09-07,17050,96,671,6,NA,NA,6948445,20.801,424.688,5.81,30.1,44.4,7.454,75.05
BGR,Europe,Bulgaria,2020-09-08,17146,96,677,6,NA,446303,6948445,20.801,424.688,5.81,30.1,44.4,7.454,75.05
BGR,Europe,Bulgaria,2020-09-09,17313,167,692,15,5145,451448,6948445,20.801,424.688,5.81,30.1,44.4,7.454,75.05
BGR,Europe,Bulgaria,2020-09-10,17435,122,702,10,NA,NA,6948445,20.801,424.688,5.81,30.1,44.4,7.454,75.05
BGR,Europe,Bulgaria,2020-09-11,17598,163,706,4,NA,461403,6948445,20.801,424.688,5.81,30.1,44.4,7.454,75.05
BGR,Europe,Bulgaria,2020-09-12,17799,201,713,7,2330,463733,6948445,20.801,424.688,5.81,30.1,44.4,7.454,75.05
BGR,Europe,Bulgaria,2020-09-13,17891,92,717,4,NA,NA,6948445,20.801,424.688,5.81,30.1,44.4,7.454,75.05
BGR,Europe,Bulgaria,2020-09-14,17918,27,720,3,NA,464657,6948445,20.801,424.688,5.81,30.1,44.4,7.454,75.05
BGR,Europe,Bulgaria,2020-09-15,18061,143,730,10,7475,472132,6948445,20.801,424.688,5.81,30.1,44.4,7.454,75.05
BGR,Europe,Bulgaria,2020-09-16,18216,155,736,6,4835,476967,6948445,20.801,424.688,5.81,30.1,44.4,7.454,75.05
BGR,Europe,Bulgaria,2020-09-17,18390,174,744,8,NA,NA,6948445,20.801,424.688,5.81,30.1,44.4,7.454,75.05
BGR,Europe,Bulgaria,2020-09-18,18544,154,744,0,NA,482823,6948445,20.801,424.688,5.81,30.1,44.4,7.454,75.05
BGR,Europe,Bulgaria,2020-09-19,18733,189,753,9,8957,491780,6948445,20.801,424.688,5.81,30.1,44.4,7.454,75.05
BGR,Europe,Bulgaria,2020-09-20,18819,86,755,2,NA,NA,6948445,20.801,424.688,5.81,30.1,44.4,7.454,75.05
BGR,Europe,Bulgaria,2020-09-21,18863,44,761,6,NA,493029,6948445,20.801,424.688,5.81,30.1,44.4,7.454,75.05
BGR,Europe,Bulgaria,2020-09-22,19014,151,765,4,2988,496017,6948445,20.801,424.688,5.81,30.1,44.4,7.454,75.05
BGR,Europe,Bulgaria,2020-09-23,19123,109,767,2,3049,499066,6948445,20.801,424.688,5.81,30.1,44.4,7.454,75.05
BGR,Europe,Bulgaria,2020-09-24,19283,160,779,12,8385,507451,6948445,20.801,424.688,5.81,30.1,44.4,7.454,75.05
BGR,Europe,Bulgaria,2020-09-25,19573,290,785,6,NA,NA,6948445,20.801,424.688,5.81,30.1,44.4,7.454,75.05
BGR,Europe,Bulgaria,2020-09-26,19828,255,789,4,NA,512498,6948445,20.801,424.688,5.81,30.1,44.4,7.454,75.05
BGR,Europe,Bulgaria,2020-09-27,19997,169,789,0,2710,515208,6948445,20.801,424.688,5.81,30.1,44.4,7.454,75.05
BGR,Europe,Bulgaria,2020-09-28,20055,58,796,7,NA,NA,6948445,20.801,424.688,5.81,30.1,44.4,7.454,75.05
BGR,Europe,Bulgaria,2020-09-29,20271,216,807,11,NA,NA,6948445,20.801,424.688,5.81,30.1,44.4,7.454,75.05